ID,Tipo_escuela,ESCUELA,GRADO,Grupo,Anios,Total_meses,Sexo,Calificacion,ConteoT,Target,NumEntrenamientos,ConteoCorrecto11-14,Conteocorrecto_Target11-14,NumEntrenamientos2,ConteoCorrecto12-13,Conteocorrecto_Target12-13,Nivel _actividad,Sonrisa_Risa,Placer_alta_intensidad,Impulsividad,Aprox,Timidez,Miedo,Malestar,Tristeza,Frustracion,Autotranquilizacion,control_Inhibitorio,Placer_baja_intensidad,Sensibilidad perceptual,Atencion_foc,Shifting,conjunto_atencion,CE_condistractibilidad,AfectoNegativo,ExtraversionSurgency,CE_sindistractibilidad,ANT_errores_porcentaje_50,ANT_porcentaje_errores_omision_50,ANT_porcentaje_errores_comision_50,ANT_porcentaje_correctas_50,ANT_filtrado_50,Alerta_50,Orientacion_50,Conflicto_50,Perfiles,Perfiles_sindistac
1,0,1,1,1,7,90,1,6.1,11,1,3,1,1,1,0,0,3.923076923,4.230769231,4.692307692,4.076923077,4.461538462,3.916666667,4.4,3.4,4.5,4.461538462,4.153846154,3.333333333,4,4.090909091,4.444444444,4.4,4.428571429,4.053737374,4.183076923,4.216880342,3.967171717,24.30555556,8.163265306,17.68707483,75.69444444,1,26.5,-30.5,29.5,0,0
3,0,1,1,1,6,79,0,9.3,10,1,3,0,0,2,0,0,4.076923077,4.230769231,4.461538462,4.769230769,5.384615385,4.076923077,5,4.666666667,5,4.692307692,4.769230769,4,4.461538462,5,4.333333333,4.2,4.285714286,4.398974359,4.825641026,4.5,4.448717949,,,,,0,,,,1,1
5,0,1,1,1,6,79,0,9.3,13,1,3,1,1,1,1,1,5.461538462,5.846153846,5.692307692,5.230769231,6.153846154,2.538461538,4.166666667,3.666666667,4,4.692307692,4.846153846,3.769230769,5.307692308,5,4,4.2,4.071428571,4.455384615,4.274358974,5.153846154,4.519230769,20.83333333,4.081632653,18.36734694,79.16666667,1,102,-49.5,-11,0,0
6,0,1,1,1,6,75,1,6.7,12,0,3,1,0,1,1,0,4.583333333,4.181818182,5,4.090909091,5.083333333,3.666666667,2.888888889,4.111111111,4.454545455,4.6,3.538461538,4.416666667,4.8,4,3.222222222,4.4,3.642857143,4.167777778,3.918601399,4.434343434,4.109722222,15.97222222,12.92517007,4.761904762,84.02777778,1,186,29,97,0,0
8,0,1,1,1,6,77,1,6.6,8,1,3,0,0,1,0,0,5.153846154,4.692307692,4.769230769,4.846153846,5,3.384615385,4.583333333,4.583333333,4.666666667,4.461538462,4.461538462,4.307692308,5.230769231,4.5,4,3.4,3.785714286,4.287692308,4.551282051,4.641025641,4.509615385,29.86111111,21.08843537,10.20408163,70.13888889,1,67,52.5,19,1,1
11,0,1,1,1,6,77,1,8.4,12,1,3,1,1,1,1,1,4.076923077,6,3.307692308,3.923076923,5.461538462,3.538461538,3.583333333,3.166666667,4,4.076923077,5.153846154,5.615384615,5.692307692,5.5,4.777777778,4,4.5,5.117094017,3.996153846,4.384615385,5.396367521,17.36111111,2.040816327,17.00680272,82.63888889,1,123,154,155,2,2
12,0,1,1,1,6,82,0,9.7,12,1,3,1,1,2,1,1,4.923076923,6.153846154,5.538461538,4.615384615,6,3.666666667,3.916666667,3.75,4.5,4.153846154,5.153846154,4.538461538,5.923076923,5.75,4.111111111,3.4,3.857142857,4.744529915,4.294871795,5.14957265,5.080662393,4.861111111,3.401360544,3.401360544,95.13888889,1,83.5,172,36.5,2,2
13,0,1,1,1,6,79,0,9.7,7,0,3,0,0,3,0,0,4.692307692,4.923076923,5.461538462,4.615384615,5.153846154,3.384615385,4.25,4.666666667,4.666666667,4.230769231,4.384615385,3.923076923,5.153846154,4.916666667,3.888888889,4,3.928571429,4.376495726,4.43974359,4.705128205,4.470619658,8.333333333,6.12244898,4.081632653,91.66666667,1,97,70,62,1,1
14,0,1,1,1,6,80,1,7.8,11,1,3,1,1,3,0,0,4.153846154,4.083333333,4.615384615,4.538461538,4.769230769,3.615384615,3.666666667,4,4.916666667,4.076923077,4.153846154,4.153846154,4.692307692,4.083333333,4.333333333,4,4.214285714,4.252564103,4.162820513,4.295940171,4.315705128,43.75,30.6122449,14.28571429,56.25,1,130.5,113,402.5,0,0
16,0,1,1,1,6,76,0,6.6,14,1,3,1,1,2,0,0,5.5,5.692307692,4.692307692,4.090909091,5.384615385,3.461538462,4.4,3.5,3.909090909,2.909090909,4.666666667,4.25,5.769230769,5.636363636,3.666666667,4,3.769230769,4.664452214,3.876969697,4.803613054,4.830565268,,,,,0,,,,0,2
18,0,1,1,1,6,75,1,8.7,12,1,3,1,1,2,1,1,5.846153846,5.076923077,4.615384615,5.307692308,6.076923077,2.153846154,4.454545455,4.916666667,3.833333333,3.153846154,5.384615385,4.615384615,5,5.083333333,3.777777778,3.2,3.571428571,4.335299145,4.348601399,4.846153846,4.619123932,17.36111111,2.721088435,16.32653061,82.63888889,1,46,36.5,130.5,1,1
19,0,1,1,1,6,80,0,9.2,12,0,3,1,0,2,1,0,4.769230769,5.461538462,4.692307692,4.384615385,6.153846154,4.615384615,4.272727273,4.583333333,5.166666667,5.076923077,4.25,4.538461538,4.615384615,5.818181818,4.444444444,3.4,4.071428571,4.563294483,4.66993007,5.012820513,4.854118104,39.58333333,4.081632653,36.73469388,60.41666667,1,190.5,102,223.5,1,3
20,0,1,1,1,,,1,9.4,12,0,3,1,0,1,1,0,4.692307692,4.428571429,4.727272727,4.222222222,6.181818182,2,4.454545455,3.909090909,3.7,3.384615385,6.166666667,5.285714286,6.1,5.4,4.777777778,5.8,5.142857143,5.472698413,4.322983683,4.375365375,5.390873016,4.166666667,1.360544218,4.761904762,95.83333333,1,55,58,-11,3,3
21,0,1,1,1,6,75,0,7.4,12,1,3,1,1,1,1,1,,,,,,,,,,,,,,,,,,,,,,14.58333333,9.523809524,6.802721088,85.41666667,1,235,48.5,225.5,NA,NA
22,0,1,1,1,6,80,0,8.1,13,0,3,1,0,1,1,0,4.923076923,5.384615385,4.923076923,3.923076923,5.846153846,3.230769231,5.166666667,4.5,4.583333333,4.384615385,5.25,4.846153846,5.692307692,5.5,3.777777778,3.6,3.714285714,4.683247863,4.776923077,4.705128205,4.954059829,,,,,0,,,,1,3
26,0,1,1,1,6,78,1,9.1,13,0,3,1,0,2,1,0,4.846153846,5.076923077,4.846153846,4.923076923,4.769230769,3.307692308,3.75,4,4.583333333,3.769230769,4.230769231,4.076923077,4.846153846,4.416666667,5,4,4.642857143,4.467948718,4.066666667,4.628205128,4.584935897,15.27777778,6.12244898,10.88435374,84.72222222,1,266.5,9,303,0,0
27,0,1,1,1,6,80,0,9.8,12,1,3,1,1,2,1,1,4.153846154,4.384615385,4.461538462,2.846153846,5.692307692,5.384615385,5.666666667,4.583333333,3.916666667,3.769230769,4.923076923,5.153846154,4.923076923,5.333333333,4,4.6,4.214285714,4.802051282,4.571794872,4.487179487,4.852564103,49.30555556,11.56462585,38.7755102,50.69444444,1,117.5,100.5,-91.5,3,3
28,0,1,1,1,6,76,1,9.3,12,0,3,1,0,3,1,0,4.230769231,4.538461538,4.692307692,3.846153846,5.230769231,4.461538462,4.5,3.916666667,4,3.384615385,5.076923077,5.461538462,5.538461538,4.416666667,5,4.8,4.928571429,5.043333333,4.175641026,4.5,5.104166667,27.77777778,13.60544218,15.6462585,72.22222222,1,4,32.5,68,2,2
29,0,1,1,1,6,80,1,8,12,0,3,1,0,1,1,0,3.153846154,5.333333333,5.692307692,5,5.538461538,1.769230769,4.416666667,4.416666667,3.75,4.230769231,4.923076923,5.076923077,5.307692308,5.5,4.333333333,3.8,4.142857143,4.803589744,4.347435897,4.414529915,5.054487179,13.19444444,0.680272109,14.28571429,86.80555556,1,145,2.5,132,3,3
31,0,1,1,1,6,80,1,8.9,,,3,NA,NA,NA,NA,NA,4.923076923,4.769230769,5.230769231,4.769230769,4.461538462,3.461538462,4.166666667,4.083333333,4.083333333,3.833333333,4.846153846,3.538461538,4.076923077,4.166666667,4,4,4,3.956410256,4.202564103,4.602564103,3.945512821,17.36111111,4.761904762,14.28571429,82.63888889,1,33.5,50,168,0,0
32,0,1,1,1,6,81,1,9,12,1,3,1,1,2,1,1,4.461538462,5,5.333333333,4.384615385,5.272727273,2.846153846,4.166666667,2.916666667,3.083333333,3.307692308,5.076923077,5.166666667,5.384615385,3.666666667,4.666666667,4.8,4.714285714,4.736923077,3.71025641,4.54972805,4.721153846,9.722222222,0,11.56462585,90.27777778,1,34,89.5,9.5,2,0
33,0,1,1,1,6,72,0,9.8,12,1,3,1,1,2,1,1,5.076923077,4.615384615,5.538461538,4.769230769,5.384615385,3.769230769,3.636363636,3.9,4.363636364,4.384615385,4.363636364,4.583333333,5.090909091,4.777777778,4.222222222,3.6,4,4.454848485,4.12965035,4.858974359,4.668560606,25,6.802721088,19.72789116,75,1,4,41,142.5,0,0
34,0,1,1,1,6,82,0,9.1,11,1,3,1,1,1,0,0,4.615384615,4.846153846,4.615384615,4.076923077,4.615384615,2.538461538,4.583333333,4,4.416666667,3.384615385,4.769230769,5.153846154,5.076923077,5.166666667,4.75,4.6,4.692307692,4.949487179,4.230769231,4.217948718,5.036858974,29.16666667,16.32653061,14.28571429,70.83333333,1,33.5,10.5,64,2,2
38,0,1,1,1,,,0,8.9,12,1,3,1,1,1,1,1,5.166666667,5.538461538,5.076923077,4.538461538,4.923076923,3.615384615,3.818181818,3.5,3.666666667,4.538461538,4.083333333,4.692307692,5.846153846,4.583333333,4.666666667,3.6,4.285714286,4.677692308,3.921328671,4.80982906,4.947115385,22.91666667,6.12244898,18.36734694,77.08333333,1,121,-14.5,66.5,0,2
39,0,1,1,1,6,75,1,8.2,14,1,3,1,1,2,0,0,5.153846154,4.538461538,5.461538462,4.769230769,5.384615385,2.769230769,3.333333333,4.416666667,4,4.923076923,4.230769231,3.923076923,4.461538462,4.75,2.888888889,3.4,3.071428571,3.884700855,4.180769231,4.679487179,4.005876068,31.94444444,8.163265306,25.17006803,68.05555556,1,-216,69.5,10,0,0
41,0,1,1,2,6,83,1,8.3,15,1,3,0,0,2,0,0,4.384615385,4.769230769,4.538461538,5.153846154,5.461538462,3.538461538,3.333333333,4.333333333,4.916666667,4.230769231,3.769230769,4,5.153846154,4.083333333,4,4,4,4.247435897,4.116666667,4.641025641,4.309294872,,,,,0,,,,0,0
42,0,1,1,2,7,85,1,8.8,12,0,3,1,0,2,1,0,4.583333333,4.384615385,5.692307692,5,4.615384615,3,4.833333333,3.416666667,5.166666667,5.083333333,5.230769231,4.461538462,5.230769231,4.75,5,4.4,4.785714286,4.768461538,4.746153846,4.545940171,4.860576923,,,,,0,,,,3,3
44,0,1,1,2,6,76,0,9.4,12,0,3,1,0,2,1,0,4.538461538,4.923076923,5.230769231,3.615384615,5.384615385,3.461538462,4.25,3.545454545,2.916666667,3.461538462,5.307692308,5.153846154,5.333333333,4.75,3.888888889,4.2,4,4.665213675,3.896270396,4.525641026,4.781517094,,,,,0,,,,0,0
46,0,1,1,2,,,1,9,11,0,3,1,0,3,0,0,5.615384615,4.615384615,6.307692308,5,5.769230769,3.230769231,5.272727273,4.5,5.083333333,4.615384615,4.076923077,5,5.692307692,5,4.222222222,3,3.785714286,4.582905983,4.70967366,5.08974359,4.978632479,6.25,1.360544218,6.802721088,93.75,1,130,50,217,1,3
47,0,1,1,2,6,77,1,8.8,6,1,3,0,0,1,0,0,2.692307692,4.923076923,3.307692308,3.384615385,5.153846154,6.076923077,5.166666667,2.75,3.25,2.846153846,6.384615385,6.384615385,5.846153846,5.25,4.888888889,4.4,4.714285714,5.353931624,4.079487179,4.256410256,5.59241453,15.27777778,2.721088435,14.28571429,84.72222222,1,89,-170.5,-8,2,2
48,0,1,1,2,6,76,0,8.1,11,0,3,1,0,3,0,0,4.333333333,4.692307692,4.153846154,4.538461538,5.916666667,4.923076923,4.916666667,5.25,4.166666667,4.923076923,4.153846154,4.384615385,4.461538462,4.166666667,3.777777778,3.8,3.785714286,4.118119658,4.682051282,4.759615385,4.197649573,4.166666667,2.040816327,4.081632653,95.83333333,1,155,69,112,1,1
49,0,1,1,2,6,80,0,9.7,13,0,3,1,0,1,1,0,3.076923077,4.615384615,4.846153846,3,5.384615385,5.846153846,4.916666667,4.166666667,4.833333333,4.461538462,4,5.538461538,5.384615385,4.916666667,5.555555556,5.6,5.571428571,5.399059829,4.475641026,4.461538462,5.348824786,,,,,0,,,,3,3
50,0,1,1,2,6,78,1,9.1,12,1,3,1,1,2,1,1,4.307692308,4.461538462,3.692307692,3.615384615,5.692307692,4.230769231,5.416666667,3.5,3.583333333,3.153846154,5.692307692,5.230769231,5.230769231,5.083333333,4.444444444,4,4.285714286,4.797863248,4.269230769,4.333333333,4.99732906,9.722222222,6.802721088,4.761904762,90.27777778,1,47.5,57,338,2,2
51,0,1,1,2,,,1,7.1,12,0,3,1,0,2,1,0,,,,,,,,,,,,,,,,,,,,,,25,9.523809524,17.00680272,75,1,187,126.5,109.5,NA,NA
52,0,1,1,2,7,85,0,9.2,11,0,3,1,0,2,0,0,4.615384615,4.769230769,4.846153846,4.769230769,5.384615385,4.461538462,5.666666667,4.916666667,5,5.307692308,3.461538462,4.076923077,5.153846154,5.083333333,4.888888889,4.2,4.642857143,4.680598291,4.870512821,4.807692308,4.800747863,23.61111111,2.040816327,23.1292517,76.38888889,1,-27,36,24.5,1,1
53,0,1,1,2,6,75,1,8.1,12,1,3,1,1,2,1,1,4.538461538,3.769230769,5.416666667,4.076923077,4.615384615,4,4.5,5.083333333,4.5,4.769230769,3.846153846,3.461538462,4.461538462,4.666666667,3.555555556,3.6,3.571428571,3.949059829,4.53974359,4.402777778,4.036324786,36.80555556,10.20408163,27.89115646,63.19444444,1,-25,156.5,28,1,1
54,0,1,1,2,6,78,1,8.3,,,3,NA,NA,NA,NA,NA,5.5,5.272727273,5.5,5.818181818,5.454545455,2.416666667,4.909090909,3.4,3.727272727,4.909090909,4.8,3.545454545,3.909090909,5,2.75,4.8,3.538461538,4.000909091,4.349090909,4.993686869,3.801136364,22.91666667,3.401360544,21.08843537,77.08333333,1,26,57,61,1,1
55,0,1,1,2,6,76,0,8.5,14,1,3,1,1,1,0,0,4.75,4.384615385,4.923076923,3.923076923,5.083333333,4.923076923,4.909090909,3.727272727,4.25,4.384615385,4.769230769,4.333333333,4.307692308,5.333333333,4.555555556,3,4,4.305982906,4.408041958,4.664529915,4.632478632,47.91666667,20.40816327,28.57142857,52.08333333,1,-161,2,100,1,1
56,0,1,1,2,,,1,9.2,11,1,3,1,1,2,0,0,3.666666667,4.166666667,4.384615385,4.769230769,5.307692308,3.076923077,4.181818182,3.363636364,4.727272727,4.153846154,5.230769231,5.153846154,5.769230769,5.833333333,4.666666667,3.8,4.357142857,5.044615385,4.331468531,4.228632479,5.355769231,23.61111111,10.88435374,14.28571429,76.38888889,1,-14.5,154.5,143,3,3
57,0,1,1,2,6,78,1,8,,,3,NA,NA,NA,NA,NA,5,5.384615385,4.384615385,4.615384615,5.846153846,4.307692308,5.666666667,4.833333333,4.166666667,4.666666667,4.384615385,4.538461538,5.307692308,5.083333333,3.666666667,3.4,3.571428571,4.399230769,4.743589744,4.923076923,4.649038462,,,,,0,,,,1,1
58,0,1,1,2,6,79,0,9.6,12,1,3,1,1,2,1,1,4,4.846153846,4.923076923,3.846153846,4.538461538,3.384615385,3.916666667,4.083333333,4.583333333,4,5.153846154,5.307692308,5.615384615,4.916666667,4.555555556,3.8,4.285714286,4.839059829,4.347435897,4.256410256,5.098824786,18.05555556,4.761904762,14.96598639,81.94444444,1,65,-87.5,98.5,3,3
59,0,1,1,2,7,86,0,9.7,13,1,3,1,1,3,1,1,4.666666667,4,5.333333333,4.454545455,6,4.083333333,4.5,4.545454545,4.909090909,4.692307692,4,4.846153846,4.833333333,6.2,4.666666667,4.4,4.571428571,4.989230769,4.529370629,4.756313131,5.136538462,31.25,13.60544218,19.04761905,68.75,1,24,29.5,154,3,3
60,0,1,1,2,6,79,0,9.1,12,1,3,1,1,2,1,1,4.2,4.692307692,3.846153846,3.615384615,5.384615385,4.384615385,4,3.916666667,4.5,4,4.153846154,4.692307692,5.076923077,4.272727273,4.222222222,3.6,4,4.372836053,4.114102564,4.353846154,4.566045066,39.58333333,2.040816327,38.7755102,60.41666667,1,23,-52.5,-3.5,0,0
61,0,1,1,2,6,75,1,8.9,13,1,3,1,1,3,1,1,5.363636364,5.846153846,5.25,4.230769231,5,2.769230769,3.818181818,4.4,3.25,3.153846154,4.583333333,4.692307692,5.769230769,5.909090909,5,4,4.666666667,5.074125874,3.841072261,4.743298368,5.342657343,16.66666667,2.721088435,15.6462585,83.33333333,1,1,-17,208,2,2
64,0,1,1,2,6,76,1,8.6,12,1,3,1,1,3,1,1,4.384615385,4.615384615,6.076923077,4.769230769,5.307692308,4.076923077,4.333333333,3.090909091,4.583333333,4.076923077,4.846153846,3.833333333,4.615384615,4.666666667,4.111111111,4.6,4.285714286,4.365299145,4.186130536,4.871794872,4.306623932,18.05555556,7.482993197,12.24489796,81.94444444,1,45,13,41.5,0,0
66,0,1,1,2,6,82,0,9.6,12,1,3,1,1,1,1,1,4.076923077,4.75,4.846153846,3.692307692,5.076923077,4.166666667,5.166666667,5.333333333,5,4.384615385,4.846153846,4.461538462,5.538461538,5.4,5.444444444,3.8,4.857142857,4.928888889,4.946153846,4.43482906,5.211111111,12.5,1.360544218,12.92517007,87.5,1,-61,49,58,3,3
67,0,1,1,2,,,1,7.3,16,0,3,0,0,1,0,0,6.076923077,5.538461538,5.75,4.454545455,6.307692308,1.769230769,5.181818182,3.5,4.545454545,4.769230769,4.166666667,2.583333333,4.166666667,5.3,2.888888889,2.8,2.857142857,3.547777778,4.432634033,4.982808858,3.734722222,27.77777778,10.88435374,18.36734694,72.22222222,1,-44.5,152,525.5,1,1
68,0,1,1,2,7,85,0,9.7,12,0,3,1,0,1,1,0,5.583333333,5.230769231,6,4.461538462,5.153846154,3.833333333,3.416666667,3.25,3.583333333,4.230769231,5.153846154,4.769230769,5.583333333,4.083333333,4.666666667,3.2,4.142857143,4.460512821,3.926923077,5.043803419,4.775641026,15.97222222,2.040816327,15.6462585,84.02777778,1,80.5,38,-59,0,0
69,0,1,1,2,6,81,0,9.8,15,1,3,0,0,1,0,0,5.153846154,5.538461538,4.538461538,3.307692308,6.230769231,5.307692308,5.75,2.818181818,3.75,4.307692308,4.615384615,5.384615385,5.538461538,6.166666667,5.777777778,4.6,5.357142857,5.493504274,4.248251748,5.012820513,5.716880342,43.05555556,14.96598639,29.25170068,56.94444444,1,133.5,-28.5,225,2,2
72,0,1,1,2,6,79,1,10,10,0,3,0,0,2,0,0,4.076923077,5.153846154,3.692307692,4.538461538,5.076923077,1.692307692,4,4.636363636,3.272727273,3.416666667,5.307692308,5.416666667,5.692307692,5.272727273,5.555555556,4.2,5.071428571,5.227451437,4.126689977,4.038461538,5.484314297,6.944444444,5.442176871,3.401360544,93.05555556,1,108.5,-7.5,39.5,2,2
73,0,1,1,2,6,78,1,7.5,11,1,3,1,1,1,0,0,4.769230769,5.384615385,5.923076923,4.538461538,5.230769231,2.769230769,4.083333333,5.166666667,4.5,5.307692308,4.230769231,3.846153846,5.538461538,4.833333333,4,3,3.642857143,4.243589744,4.657692308,4.769230769,4.554487179,11.80555556,4.761904762,8.843537415,88.19444444,1,21,78,442,1,1
76,0,1,1,3,6,82,0,9.5,12,1,3,1,1,1,1,1,5.25,4.3,5.545454545,4.454545455,6,4.454545455,3.454545455,3.9,5.083333333,4.833333333,4.818181818,5,5.818181818,4.818181818,4.5,5,4.666666667,5.027272727,4.417878788,5.000757576,5.034090909,18.05555556,2.721088435,17.00680272,81.94444444,1,24,94,3,3,3
77,0,1,1,3,7,86,1,9.9,12,1,3,1,1,2,1,1,3.818181818,5.166666667,5.857142857,4.125,5.416666667,4,4,3.25,4.25,4.25,5.8,5.818181818,6.090909091,5,5.4,5.4,5.4,5.541818182,4.31,4.730609668,5.577272727,3.472222222,0,5.442176871,96.52777778,1,103,-44,133.5,3,3
78,0,1,1,3,6,80,0,8.2,10,1,3,0,0,3,0,0,4.538461538,4.846153846,5.384615385,4.692307692,5.307692308,4,4.166666667,3.916666667,4.166666667,4.307692308,5.153846154,5.230769231,4.666666667,4.833333333,4.111111111,3.4,3.857142857,4.448376068,4.342307692,4.794871795,4.710470085,13.88888889,7.482993197,8.163265306,86.11111111,1,39.5,20,-1,1,1
80,0,1,1,3,6,79,0,9.7,12,1,3,1,1,3,1,1,3.615384615,4.833333333,3.923076923,3.615384615,5,4.230769231,4.090909091,4.416666667,4,4.076923077,5.153846154,5.166666667,5.666666667,4.454545455,4.555555556,5,4.714285714,4.968686869,4.347668998,4.202991453,4.960858586,4.861111111,3.401360544,3.401360544,95.13888889,1,89,30.5,157,3,3
82,0,1,1,3,6,77,0,8.9,12,0,3,1,0,2,1,0,3.769230769,4.692307692,4.615384615,3.846153846,5.307692308,5.692307692,4,4.166666667,4.416666667,4.153846154,4.230769231,4.461538462,6.076923077,5,4.888888889,4.6,4.785714286,5.005470085,4.193589744,4.653846154,5.106837607,31.25,16.32653061,16.32653061,68.75,1,75.5,15,44.5,2,2
84,0,1,1,3,6,74,0,8.2,14,1,3,1,1,1,0,0,3.769230769,4.153846154,4.818181818,4.307692308,4.384615385,3.384615385,3.909090909,4.083333333,4.25,3.692307692,4.461538462,4.25,4.384615385,3.916666667,4.125,3.6,3.923076923,4.05525641,4.079254079,4.136363636,4.169070513,9.722222222,2.721088435,8.843537415,90.27777778,1,-6.5,41,166.5,0,0
85,0,1,1,3,7,84,0,9,13,1,3,1,1,2,1,1,4,4.111111111,5.083333333,4.454545455,2.789473684,3.769230769,3.444444444,4.1,4.25,4.3,4.363636364,4,4.636363636,4.181818182,4.6,4.333333333,4.5,4.35030303,4.091616162,4.034615725,4.354545455,8.333333333,3.401360544,6.802721088,91.66666667,1,88,72,30,0,0
86,0,1,1,3,6,72,0,9.6,11,1,3,1,1,1,0,0,5.153846154,5.153846154,5.153846154,4.666666667,5.076923077,3.923076923,4.416666667,5.5,4.75,6.230769231,3.230769231,4.384615385,5.75,5.083333333,4.666666667,3.2,4.142857143,4.616923077,4.825641026,4.854700855,4.971153846,43.05555556,0.680272109,43.53741497,56.94444444,1,-43.5,43,283,1,3
87,0,1,1,3,7,86,1,9.3,10,1,3,0,0,2,0,0,4.076923077,4.923076923,4,3.846153846,5.307692308,3.307692308,5.583333333,4,4.25,5.076923077,4.384615385,4.153846154,5.307692308,5.25,4.444444444,3.8,4.214285714,4.591196581,4.658974359,4.243589744,4.788995726,26.38888889,4.761904762,23.1292517,73.61111111,1,40,107,81,1,1
88,0,1,1,3,7,84,1,8.5,12,1,3,1,1,2,1,1,4.846153846,5,3.583333333,4.769230769,5.538461538,4.923076923,6.083333333,5.416666667,4.75,5.230769231,4.583333333,3.666666667,4.166666667,4.75,3.222222222,4.6,3.714285714,4.081111111,5.212820513,4.776709402,3.951388889,12.5,0,14.28571429,87.5,1,35,40.5,132.5,1,1
90,0,1,1,3,6,75,0,9,12,1,3,1,1,3,1,1,3.923076923,5.615384615,5,4.076923077,6.307692308,2,3.272727273,3.5,3.666666667,3.307692308,5.666666667,5.818181818,6.076923077,5.5,4.333333333,3.6,4.071428571,5.065687646,3.882750583,4.487179487,5.432109557,8.333333333,4.761904762,5.442176871,91.66666667,1,7.5,111.5,68.5,2,2
91,0,1,1,3,6,83,0,9.8,11,0,3,1,0,2,0,0,4.916666667,4.692307692,3.916666667,4.333333333,5.166666667,3.083333333,5.454545455,3.416666667,4.090909091,3.25,4.833333333,5.083333333,6.090909091,5.3,5.25,5,5.166666667,5.344848485,4.209090909,4.351495726,5.431060606,47.22222222,6.12244898,42.17687075,52.77777778,1,-131.5,-35,186.5,2,2
93,0,1,1,3,6,75,0,9.1,12,0,3,1,0,1,1,0,4.153846154,4.769230769,4.153846154,3.230769231,4.461538462,4.769230769,4,3.666666667,4.333333333,3.153846154,5.076923077,4.769230769,4.769230769,4.333333333,5.555555556,5.2,5.428571429,4.925470085,4.046153846,4.256410256,4.856837607,14.58333333,4.081632653,12.24489796,85.41666667,1,104,-18.5,23.5,2,2
94,0,1,1,3,7,84,1,9,11,1,3,1,1,1,0,0,4.769230769,5.692307692,5.538461538,4.692307692,5,2.615384615,4.636363636,3.583333333,4.083333333,4.846153846,4.692307692,3.583333333,5.153846154,4.818181818,3.444444444,5.2,4.071428571,4.43996115,4.368298368,4.717948718,4.249951437,12.5,6.802721088,7.482993197,87.5,1,5,13,176,1,1
101,0,1,1,3,6,77,1,9.5,6,1,3,0,0,3,0,0,4.166666667,4.769230769,3.846153846,4.692307692,4.769230769,4.461538462,4.5,4.416666667,3.916666667,3,5.230769231,4.923076923,5.230769231,4.416666667,4.888888889,3.8,4.5,4.651880342,4.212820513,4.450854701,4.864850427,30.55555556,2.040816327,29.93197279,69.44444444,1,73.5,6.5,70.5,0,2
102,0,1,1,3,7,85,0,9.2,12,0,3,1,0,2,1,0,4.384615385,5.692307692,5.153846154,4.384615385,4.923076923,4.153846154,4.416666667,3.916666667,4.25,5.461538462,4.153846154,4.538461538,5.538461538,5,4,3.2,3.714285714,4.455384615,4.43974359,4.782051282,4.769230769,20.83333333,4.081632653,18.36734694,79.16666667,1,42,81.5,-41,1,1
104,0,1,1,3,6,75,0,8.4,12,1,3,1,1,1,1,1,5.333333333,4.846153846,5.153846154,3,5.769230769,6.230769231,3,2.666666667,4.166666667,3.923076923,5.615384615,4.769230769,4.846153846,5.5,1,4.6,2.285714286,4.143076923,3.874358974,5.055555556,4.028846154,18.75,10.20408163,10.20408163,81.25,1,21.5,42.5,21.5,0,0
106,0,1,1,3,6,82,1,9.1,8,1,3,0,0,2,0,0,3.923076923,4.461538462,5.076923077,3.230769231,5.230769231,3.538461538,4.5,4.5,4.25,3.384615385,4.692307692,4.769230769,5.153846154,4.5,4.444444444,4.5,4.461538462,4.673504274,4.265384615,4.243589744,4.716880342,17.36111111,10.88435374,8.163265306,82.63888889,1,105,113,167,0,0
109,0,1,1,3,6,83,0,9.3,12,1,3,1,1,1,1,1,5.230769231,5.153846154,5.846153846,4.923076923,4.153846154,1.769230769,3.25,2.416666667,2.416666667,2.923076923,5.153846154,4.307692308,5.769230769,4.833333333,4.222222222,4.2,4.214285714,4.666495726,3.232051282,4.512820513,4.783119658,45.83333333,18.36734694,28.57142857,54.16666667,1,-84.5,1,59.5,0,0
110,0,1,1,3,,,1,8.1,11,1,3,1,1,2,0,0,,,,,,,,,,,,,,,,,,,,,,45.83333333,12.92517007,9.523809524,54.16666667,1,100.5,-229.5,148.5,NA,NA
111,0,1,1,3,7,86,0,9.7,12,0,3,1,0,1,1,0,4.692307692,5.769230769,6.384615385,4.384615385,5.538461538,2.923076923,2.25,2.833333333,3.5,3.769230769,5.846153846,6.461538462,5.615384615,6.454545455,6.111111111,3.6,5.214285714,5.648515929,3.63974359,4.948717949,6.160644911,11.80555556,6.802721088,6.802721088,88.19444444,1,-102,164.5,-56,2,2
113,0,1,2,4,8,97,1,8.9,12,1,3,1,1,1,1,1,4.461538462,4.615384615,5.538461538,3.923076923,5.615384615,3.076923077,3.166666667,2.583333333,3.333333333,3.923076923,5.615384615,5.230769231,5.75,4.666666667,4.888888889,4.4,4.714285714,4.987264957,3.724358974,4.538461538,5.134081197,8.333333333,2.040816327,8.163265306,91.66666667,1,76.5,85.5,219,2,2
116,0,1,2,4,8,96,1,9,12,1,3,1,1,1,1,1,5.076923077,5.461538462,5.230769231,4.384615385,5.461538462,3.230769231,4.166666667,3.25,4.666666667,4.769230769,4.153846154,3.769230769,5.615384615,4.666666667,3.777777778,5.2,4.285714286,4.605811966,4.201282051,4.807692308,4.457264957,4.166666667,0,6.12244898,95.83333333,1,44,67,28.5,0,0
122,0,1,2,4,8,96,0,9.8,13,0,3,1,0,1,1,0,6,4.846153846,5.307692308,4.692307692,6.076923077,3.846153846,5,2.583333333,3.5,4.076923077,4.538461538,4.846153846,4.538461538,5.166666667,5.111111111,5.4,5.214285714,5.012478632,3.93974359,5.128205128,4.915598291,8.333333333,2.040816327,8.163265306,91.66666667,1,157.5,84,137,2,2
124,0,1,2,4,8,96,0,9.4,12,1,3,1,1,1,1,1,3.307692308,4.923076923,5.307692308,4.384615385,5.615384615,1.846153846,5.5,3.583333333,4.833333333,3.846153846,5.923076923,5.846153846,5.769230769,5.5,4.777777778,5.8,5.142857143,5.538632479,4.737179487,4.230769231,5.473290598,11.11111111,2.040816327,10.88435374,88.88888889,1,29,10.5,143,3,3
129,0,1,2,4,7,92,0,8.6,14,0,3,1,0,1,0,0,4.153846154,3.692307692,3.153846154,3.615384615,4.384615385,3.076923077,3.583333333,4.25,3.583333333,2.461538462,4.615384615,4.692307692,5.076923077,5.083333333,4.444444444,4.4,4.428571429,4.739401709,3.698717949,3.679487179,4.824252137,36.80555556,27.21088435,10.88435374,63.19444444,1,160.5,84,211.5,2,0
131,0,1,2,4,7,84,0,8.5,13,1,3,1,1,2,1,1,4.384615385,3.923076923,4.083333333,4.076923077,4.384615385,3.230769231,3.916666667,4.25,3.75,4.076923077,3.692307692,4.25,4.416666667,4.666666667,3.777777778,4.2,3.928571429,4.262222222,3.937179487,4.013888889,4.277777778,31.94444444,8.163265306,25.17006803,68.05555556,1,-34.5,37.5,20,0,0
133,0,1,2,4,7,91,1,9.6,12,1,3,1,1,3,1,1,5.307692308,5.769230769,5.769230769,5.692307692,6.384615385,1.461538462,2.5,1.833333333,4,3.153846154,5.923076923,6.384615385,5,6.25,5.444444444,5,5.285714286,5.615811966,3.482051282,5.064102564,5.769764957,4.861111111,0,6.802721088,95.13888889,1,11.5,121,53,2,2
134,0,1,2,4,7,88,1,7.6,19,0,3,0,0,3,0,0,4.769230769,5.076923077,3.846153846,3.923076923,4.230769231,3.307692308,4.25,3.416666667,3.5,3,4.692307692,3.923076923,4.461538462,3.833333333,3.444444444,4.8,3.928571429,4.092478632,3.771794872,4.192307692,3.915598291,18.05555556,0.680272109,19.04761905,81.94444444,1,32.5,42,138,0,0
135,0,1,2,4,,,1,7.3,12,1,3,1,1,1,1,1,4.538461538,5.384615385,5,4.384615385,5.538461538,3.307692308,4.5,4.166666667,3.166666667,4.153846154,5.307692308,4.615384615,4.923076923,5.25,4.888888889,4.8,4.857142857,4.895470085,4.258974359,4.692307692,4.919337607,4.861111111,2.721088435,4.081632653,95.13888889,1,143,-36,30,2,2
138,0,1,2,4,8,98,1,9.1,11,1,3,1,1,2,0,0,5.384615385,6.461538462,5.769230769,5.923076923,6.153846154,1.307692308,3.083333333,3.181818182,4.083333333,3.846153846,5.307692308,3.461538462,5.615384615,3.833333333,5.222222222,3.6,4.642857143,4.346495726,3.9004662,5.166666667,4.533119658,6.25,0,8.163265306,93.75,1,42.5,84.5,91,0,0
140,0,1,2,4,8,96,1,8.3,12,1,3,1,1,1,1,1,3.538461538,4.846153846,4.846153846,3.769230769,5.615384615,4.538461538,3.833333333,3.666666667,4.5,4.076923077,3.923076923,4.923076923,5.307692308,5.083333333,5,4,4.642857143,4.862820513,4,4.525641026,5.078525641,16.66666667,0,18.36734694,83.33333333,1,64,21,159,2,2
141,0,1,2,4,8,96,0,8.7,12,1,3,1,1,3,1,1,4.461538462,4.384615385,4.461538462,4.384615385,5.538461538,4.153846154,5.833333333,4.916666667,5.25,4.076923077,4,4.307692308,4.615384615,6,3.555555556,4.6,3.928571429,4.615726496,4.815384615,4.564102564,4.61965812,6.25,2.721088435,5.442176871,93.75,1,165,20,-100.5,1,1
143,0,1,2,4,7,84,0,9.3,12,0,3,1,0,1,1,0,4,4.75,4.583333333,4.111111111,5.076923077,4.615384615,3.916666667,3.545454545,4.571428571,3.545454545,3.916666667,4.25,5.25,4.1,4.555555556,4.25,4.461538462,4.481111111,3.899134199,4.522792023,4.538888889,18.05555556,9.523809524,10.20408163,81.94444444,1,191,65,197.5,0,0
148,0,1,2,4,7,94,1,7.2,12,1,3,1,1,2,1,1,5,5.615384615,6.615384615,3.846153846,5.615384615,4.384615385,3.5,3.666666667,4.916666667,6.153846154,3.615384615,4.083333333,5.5,6,5,4.2,4.714285714,4.956666667,4.370512821,5.179487179,5.145833333,10.41666667,1.360544218,10.88435374,89.58333333,1,60,51.5,90.5,3,3
149,0,1,2,4,7,94,0,8.4,11,1,3,1,1,2,0,0,5.230769231,4.923076923,4.615384615,4.923076923,5.692307692,3.538461538,4.166666667,3.833333333,4.666666667,3.769230769,4.384615385,3.615384615,4.307692308,4.166666667,2.777777778,4,3.214285714,3.773504274,4.164102564,4.820512821,3.716880342,20.13888889,14.28571429,7.482993197,79.86111111,1,40,106,112.5,0,0
155,0,1,2,5,8,96,1,9,12,0,3,1,0,2,1,0,6.25,5.846153846,5.727272727,5.363636364,6.923076923,3.833333333,4.75,5.166666667,3.625,3.5,5.25,3.416666667,5.6,4.6,4,3.4,3.785714286,4.203333333,4.458333333,5.657245532,4.404166667,4.166666667,0,6.12244898,95.83333333,1,-29,179.5,125.5,1,1
159,0,1,2,5,7,88,0,8,12,1,3,1,1,2,1,1,5.230769231,6.307692308,4.538461538,4.461538462,5.153846154,1.923076923,2.833333333,3.272727273,3.333333333,3,6.692307692,6.230769231,6.307692308,6,4.555555556,5.8,5,5.778803419,3.826340326,4.602564103,5.773504274,10.41666667,2.721088435,9.523809524,89.58333333,1,-117.5,47,-103.5,2,2
174,0,1,2,5,7,88,0,8.5,12,1,3,1,1,1,1,1,4.846153846,5.692307692,4.153846154,4.230769231,5.384615385,3.833333333,4.916666667,3.5,4.083333333,3.615384615,3.846153846,4.538461538,5.615384615,5.333333333,3.777777778,5,4.214285714,4.852991453,3.992307692,4.69017094,4.816239316,4.861111111,2.721088435,4.081632653,95.13888889,1,14.5,16,84,2,0
177,0,1,2,5,7,89,0,8.1,12,0,3,1,0,2,1,0,3.75,4.4,3.7,3.166666667,4.25,3.5,5,3.5,4,3.625,6,5.181818182,5.636363636,5.25,4.857142857,4.25,4.636363636,5.035064935,4.425,3.794444444,5.231331169,,,,,0,,,,3,3
178,0,1,2,5,,,1,9.2,12,1,3,1,1,1,1,1,,,,,,,,,,,,,,,,,,,,,,5.555555556,0,7.482993197,94.44444444,1,76.5,54.5,53.5,NA,NA
184,0,1,2,6,7,84,1,8.3,18,1,3,0,0,1,0,0,4.538461538,4.615384615,4.923076923,4.461538462,5.538461538,4.615384615,5.181818182,4.545454545,4.666666667,5,4.615384615,3,4.583333333,4.75,3.444444444,4,3.642857143,3.955555556,4.801864802,4.782051282,3.944444444,7.638888889,0,9.523809524,92.36111111,1,115,1.5,93,1,1
185,0,1,2,6,7,89,1,8.4,12,0,3,1,0,1,1,0,5,6,5.846153846,5.384615385,5.307692308,2.692307692,3.545454545,4.083333333,3.25,4.153846154,5.153846154,4.384615385,4.666666667,3.727272727,2.444444444,4,3,3.844599845,4.037296037,5.038461538,3.805749806,10.41666667,3.401360544,8.843537415,89.58333333,1,-14,73,242.5,0,0
186,0,1,2,6,8,97,1,9.5,12,0,3,1,0,1,1,0,4.230769231,3.923076923,4.538461538,3.384615385,4,4.923076923,6,4.416666667,4,4.076923077,5.692307692,4.923076923,4.615384615,5.416666667,5.222222222,4.8,5.071428571,4.995470085,4.837179487,4.166666667,5.044337607,6.25,1.360544218,6.802721088,93.75,1,-35.5,-57.5,141,3,3
195,0,1,2,6,7,84,0,8.5,11,0,3,1,0,2,0,0,4.846153846,5.153846154,4.538461538,3.923076923,5.692307692,4.615384615,5.083333333,5.166666667,5.166666667,4.769230769,3.846153846,3.153846154,5.461538462,5.5,3.555555556,2.6,3.214285714,4.054188034,4.806410256,4.794871795,4.417735043,,,,,0,,,,1,1
197,0,1,2,6,,,0,8.7,12,1,3,1,1,2,1,1,,,,,,,,,,,,,,,,,,,,,,4.861111111,2.040816327,4.761904762,95.13888889,1,99,3,167.5,NA,NA
199,0,1,2,6,8,97,1,9,11,1,3,1,1,1,0,0,4.846153846,5.769230769,4.846153846,5.615384615,6.384615385,3.769230769,5.333333333,3.666666667,3.75,5.230769231,5.846153846,4.692307692,5.333333333,6.083333333,4.777777778,4.6,4.714285714,5.097350427,4.765384615,5.205128205,5.221688034,9.027777778,0.680272109,10.20408163,90.97222222,1,29,-8.5,116.5,3,3
202,0,1,2,6,8,96,1,9.4,12,1,3,1,1,1,1,1,4,5,4.846153846,3.846153846,4.615384615,3.923076923,3.416666667,3.5,3.583333333,3.384615385,4.615384615,4.692307692,5.384615385,4.083333333,5.222222222,4.4,4.928571429,4.756495726,3.7,4.371794872,4.845619658,6.944444444,2.040816327,6.802721088,93.05555556,1,-51.5,104.5,-100,2,2
203,0,1,2,6,8,96,0,9.3,12,0,3,1,0,1,1,0,4.923076923,5.5,4.363636364,4,5.461538462,3.615384615,5.181818182,3.916666667,4.583333333,4.538461538,4.076923077,4.076923077,4.692307692,5.583333333,4.333333333,4.4,4.357142857,4.617179487,4.459440559,4.643939394,4.671474359,9.027777778,0.680272109,10.20408163,90.97222222,1,50.5,2,-22.5,1,1
204,0,1,2,6,,,1,7.4,13,1,3,1,1,2,1,1,4.769230769,4.769230769,3.461538462,5,5.461538462,1.615384615,3.5,3,3.833333333,3.384615385,5.769230769,4.538461538,3.923076923,5.916666667,2.777777778,5.4,3.714285714,4.511196581,3.897435897,4.179487179,4.288995726,,,,,0,,,,0,0
205,0,1,2,6,8,96,0,8.7,10,1,3,0,0,1,0,0,5.846153846,6.153846154,5.230769231,5.076923077,5.692307692,1.846153846,4,4.583333333,4.5,4.692307692,5.230769231,4.307692308,5.153846154,6.083333333,4,4.4,4.142857143,4.788974359,4.601282051,4.974358974,4.886217949,34.72222222,4.761904762,31.29251701,65.27777778,1,114,202.5,114,3,3
206,0,1,2,6,,,0,8.8,12,1,3,1,1,2,1,1,4.076923077,4.692307692,4.230769231,4.307692308,5.166666667,4.076923077,4.363636364,3.583333333,4.545454545,3.153846154,4.615384615,4.230769231,4.846153846,4,4.444444444,4.2,4.357142857,4.344273504,4.052331002,4.425213675,4.38034188,9.722222222,0,11.56462585,90.27777778,1,89,110.5,72.5,0,0
207,0,1,2,6,7,95,1,9.3,12,0,3,1,0,1,1,0,5.076923077,4,5.307692308,4,5.153846154,4,4,4.416666667,4.083333333,4.846153846,4.076923077,4.416666667,4.615384615,4.916666667,3.777777778,3.8,3.785714286,4.305299145,4.284615385,4.58974359,4.431623932,16.66666667,7.482993197,10.88435374,83.33333333,1,127.5,81.5,42,0,0
208,0,1,2,6,8,96,0,9.5,12,0,3,1,0,1,1,0,4.307692308,4.384615385,3.615384615,3.923076923,5.076923077,3.769230769,5.416666667,4.916666667,4.333333333,3.923076923,4.230769231,4.3,4.692307692,5.416666667,5.333333333,5.2,5.285714286,4.988461538,4.564102564,4.179487179,4.935576923,3.472222222,2.721088435,2.721088435,96.52777778,1,130.5,-29,68,3,3
211,0,1,2,6,7,87,0,8.8,12,1,3,1,1,1,1,1,5.923076923,6.153846154,6.153846154,5.692307692,6.153846154,1.923076923,3.416666667,2.833333333,4.416666667,4.538461538,4.916666667,5.384615385,4.923076923,5.333333333,2.888888889,4,3.285714286,4.505982906,4.024358974,5.333333333,4.632478632,15.97222222,2.040816327,15.6462585,84.02777778,1,-36.5,-30,-25,0,0
214,0,1,2,6,7,92,0,8.6,17,1,3,0,0,1,0,0,3.818181818,5,3.666666667,4.384615385,5.384615385,3.076923077,4.272727273,3.363636364,6.363636364,3.692307692,5.230769231,4.615384615,4.846153846,5.416666667,5,5.2,5.083333333,5.015641026,4.584615385,4.221833722,4.969551282,8.333333333,2.721088435,7.482993197,91.66666667,1,79,97.5,194,3,3
216,0,1,2,6,7,94,0,9.4,12,0,3,1,0,2,1,0,4.923076923,4.615384615,4.384615385,3.461538462,5.461538462,4.692307692,3.583333333,5,4.583333333,5.153846154,4.384615385,4.230769231,4.923076923,5.5,3.888888889,3.8,3.857142857,4.468547009,4.541025641,4.58974359,4.635683761,4.166666667,2.040816327,4.081632653,95.83333333,1,39,32.5,39,1,1
217,0,2,1,7,6,80,0,9.6,11,0,3,1,0,2,0,0,3.461538462,4.307692308,5.153846154,4.076923077,3.769230769,5.153846154,5.166666667,4.916666667,4.75,4.461538462,4,4.083333333,4.307692308,5.5,4.777777778,4,4.5,4.533760684,4.658974359,4.320512821,4.667200855,,,,,0,,,,1,1
221,0,2,1,7,7,84,1,9.6,12,1,3,1,1,3,1,1,4.153846154,4.307692308,4.846153846,3.846153846,4.692307692,5.153846154,4.416666667,4.25,5.25,4.769230769,3.846153846,6,4.230769231,5.25,4.555555556,5.4,4.857142857,5.087264957,4.506410256,4.5,5.009081197,35.41666667,8.163265306,28.57142857,64.58333333,1,-200.5,108,27,3,3
223,0,2,1,7,,,0,9.3,,,3,NA,NA,NA,NA,NA,5.461538462,5.461538462,4.461538462,4.416666667,4.769230769,5.538461538,4.75,5.916666667,5.090909091,4.615384615,5.230769231,5.538461538,4.923076923,5,5.333333333,5.8,5.5,5.318974359,5.120745921,5.018162393,5.198717949,14.58333333,10.20408163,6.12244898,85.41666667,1,151,102.5,158.5,3,3
226,0,2,1,7,6,75,1,9,,,3,NA,NA,NA,NA,NA,4.846153846,4.083333333,5.076923077,4.307692308,4.307692308,4.846153846,4.666666667,5.166666667,4.5,4.307692308,4.538461538,4.769230769,4,5.909090909,5.333333333,4.6,5.071428571,4.922331002,4.635897436,4.577991453,5.002913753,45.13888889,13.60544218,31.97278912,54.86111111,1,93,-53,-592.5,3,3
227,0,2,1,7,6,75,1,9,10,0,3,0,0,2,0,0,4,4.363636364,4.416666667,4.083333333,4.333333333,4.5,4.363636364,4.636363636,4.444444444,3.833333333,3.555555556,4.307692308,5.153846154,4.636363636,4.857142857,4.4,4.666666667,4.671008991,4.166666667,4.282828283,4.738761239,,,,,0,,,,0,0
229,0,2,1,7,6,81,0,9.3,12,1,3,1,1,2,1,1,4.615384615,4.538461538,5.692307692,4.538461538,4.153846154,4.769230769,4.333333333,4.916666667,5,4.461538462,4.538461538,4.307692308,4.615384615,5.666666667,4.777777778,6.2,5.285714286,5.113504274,4.65,4.717948718,4.841880342,32.63888889,8.163265306,25.85034014,67.36111111,1,-65.5,5,321,3,3
230,0,2,1,7,6,82,0,9.3,10,1,3,0,0,2,0,0,4.818181818,4,5.076923077,4.692307692,3.230769231,4.692307692,4.083333333,4.545454545,3.916666667,4.166666667,4.923076923,4.461538462,4.384615385,5.166666667,4.777777778,5,4.857142857,4.758119658,4.327039627,4.418414918,4.697649573,22.22222222,10.20408163,13.60544218,77.77777778,1,-99,-11,17,3,1
231,0,2,1,7,7,84,1,9.3,13,1,3,1,1,1,1,1,4.75,4.083333333,5.153846154,4.076923077,4.083333333,4.846153846,5.166666667,4.5,4.833333333,4.75,4.307692308,5.615384615,4.615384615,5.181818182,4.666666667,5.2,4.857142857,5.055850816,4.711538462,4.498931624,5.01981352,11.11111111,6.12244898,6.802721088,88.88888889,1,47.5,-40.5,-30.5,3,3
232,0,2,1,7,6,75,0,8.3,12,0,3,1,0,1,1,0,3.384615385,4.153846154,6.083333333,3.846153846,5.153846154,3.833333333,5.5,3.909090909,4,3.692307692,4.5,4.230769231,4.076923077,4.363636364,4.25,6.4,5.076923077,4.664265734,4.32027972,4.409188034,4.230332168,27.08333333,12.24489796,15.6462585,72.91666667,1,-24.5,-106,318.5,1,1
235,0,2,1,7,7,84,1,9.3,12,1,3,1,1,1,1,1,4.692307692,4.307692308,5,4.769230769,4.75,4.538461538,4.916666667,5,6.181818182,3.230769231,4.538461538,4.307692308,3.916666667,5,5.375,5.2,5.307692308,4.759871795,4.773543124,4.676282051,4.649839744,2.777777778,0.680272109,4.081632653,97.22222222,1,2,51,104.5,3,1
236,0,2,1,7,6,76,0,9.6,13,1,3,1,1,1,1,1,4.307692308,3.769230769,5.384615385,4.615384615,5.615384615,3.538461538,4.833333333,5.25,4.75,4.615384615,4.923076923,4.153846154,3.538461538,4.909090909,4.666666667,5,4.785714286,4.453613054,4.874358974,4.538461538,4.317016317,15.97222222,8.843537415,8.843537415,84.02777778,1,39,-4,92.5,1,1
238,0,2,1,7,6,82,0,9,11,1,3,1,1,1,0,0,4.538461538,4.5,4.461538462,4.363636364,3.307692308,5,3.416666667,4.666666667,4.583333333,4.153846154,4.583333333,5.384615385,4.923076923,6.333333333,4.444444444,5.4,4.785714286,5.297094017,4.280769231,4.361888112,5.271367521,15.97222222,7.482993197,10.20408163,84.02777778,1,94.5,-0.5,68,2,2
239,0,2,1,7,6,76,1,9.3,,,3,NA,NA,NA,NA,NA,4,4.692307692,5.307692308,5.307692308,3.769230769,3.230769231,4.25,4,3.916666667,2.846153846,4.166666667,5.076923077,4.692307692,4.272727273,5,4.6,4.857142857,4.728391608,3.835897436,4.384615385,4.76048951,13.19444444,4.761904762,10.20408163,86.80555556,1,138.5,80.5,18,2,0
242,0,2,1,7,7,84,1,9,13,0,3,1,0,2,1,0,4.769230769,5.153846154,5.307692308,4.916666667,5.090909091,5.5,4.25,4.090909091,5.25,4.538461538,4.909090909,4.615384615,4.230769231,6.25,5.222222222,5,5.142857143,5.063675214,4.607692308,5.123057498,5.079594017,25,8.843537415,17.68707483,75,1,43.5,75,123.5,3,3
243,0,2,1,7,6,81,0,9.3,14,0,3,1,0,2,0,0,3.615384615,3.461538462,5.461538462,4.461538462,4.307692308,5.538461538,4.75,4.25,4.25,4.076923077,5.846153846,4.692307692,4.461538462,5.75,4.444444444,5.6,4.857142857,4.98965812,4.634615385,4.474358974,4.83707265,37.5,10.20408163,27.89115646,62.5,1,-14,-97.5,-103.5,3,3
244,0,2,1,7,6,77,0,9,13,1,3,1,1,2,1,1,7,4.083333333,5.307692308,4.384615385,4.230769231,4.615384615,3.833333333,3.333333333,4.583333333,4.846153846,4.230769231,3,3.818181818,4.583333333,4.333333333,5.6,4.785714286,4.266969697,4.165384615,4.936965812,3.933712121,27.08333333,9.523809524,19.04761905,72.91666667,1,224.5,124,101.5,0,0
245,0,2,1,7,,,1,9.6,12,0,3,1,0,1,1,0,4.538461538,5.461538462,3.769230769,4.769230769,5.076923077,4.538461538,5.5,5.083333333,4.5,4.461538462,4.666666667,5.307692308,4.384615385,5.083333333,3.444444444,4,3.642857143,4.444017094,4.842307692,4.692307692,4.555021368,6.25,2.040816327,6.12244898,93.75,1,35.5,-12,139.5,1,1
246,0,2,1,7,6,72,1,9.3,,,3,NA,NA,NA,NA,NA,4.384615385,3.909090909,4.454545455,4.833333333,4.727272727,4.416666667,4.1,4.166666667,4.166666667,5.615384615,5,4.846153846,4.307692308,4.583333333,4.666666667,4,4.428571429,4.480769231,4.60974359,4.454254079,4.600961538,50,1.360544218,49.65986395,50,1,102,-12,93,1,1
247,0,2,2,8,,0,0,9.4,12,1,3,1,1,1,1,1,5.538461538,3.583333333,6,5.615384615,5,5.384615385,5,5,5.545454545,3.923076923,3.615384615,4.846153846,5,5.333333333,5.111111111,6,5.428571429,5.258119658,4.616783217,5.186965812,5.072649573,6.25,0,8.163265306,93.75,1,106.5,-31.5,136,3,3
248,0,2,2,8,,0,0,9.5,15,0,3,0,0,2,0,0,4.153846154,4.923076923,5.230769231,4.384615385,3.333333333,4.538461538,4.916666667,4,4.583333333,3.307692308,4.538461538,3.769230769,4.461538462,4.916666667,4.555555556,5.6,4.928571429,4.660598291,4.269230769,4.427350427,4.425747863,7.638888889,1.360544218,8.163265306,92.36111111,1,112,82.5,172,0,0
252,0,2,2,8,,0,0,8.8,12,0,3,1,0,1,1,0,5.333333333,4.333333333,5.461538462,3.615384615,4.692307692,4.230769231,4.583333333,4.333333333,4.583333333,4.538461538,4.769230769,4.769230769,4.923076923,4.583333333,5,5.4,5.142857143,4.935128205,4.561538462,4.611111111,4.818910256,4.166666667,2.040816327,3.401360544,95.83333333,1,43,-52,161,3,1
253,0,2,2,8,,0,1,8.2,12,1,3,1,1,2,1,1,4.7,4.230769231,5.461538462,4.25,4.384615385,5.153846154,4.25,5.083333333,4.166666667,5.818181818,4.846153846,4.384615385,4.666666667,4.727272727,4.777777778,5,4.857142857,4.711266511,4.832867133,4.696794872,4.639083139,28.47222222,5.442176871,24.48979592,71.52777778,1,13,58.5,128,3,1
258,0,2,2,8,,0,1,9.6,,,3,NA,NA,NA,NA,NA,3.923076923,4,5.25,3.692307692,4.615384615,4.538461538,4.833333333,5.083333333,4.75,4,4.692307692,5.615384615,4.769230769,4.333333333,4.666666667,5,4.785714286,4.876923077,4.671794872,4.336538462,4.846153846,9.722222222,0,11.56462585,90.27777778,1,46.5,21,141,3,3
259,0,2,2,8,,0,1,9.4,12,1,3,1,1,2,1,1,4.545454545,5.384615385,4.692307692,4.25,4.769230769,3.692307692,6,3.75,4.363636364,3.75,5.846153846,4.846153846,5.25,5,3.333333333,4,3.571428571,4.485897436,4.741958042,4.555652681,4.607371795,10.41666667,4.761904762,7.482993197,89.58333333,1,12.5,8,135,1,1
262,0,2,2,8,,0,1,9.7,11,1,3,1,1,2,0,0,4.75,3.615384615,4.384615385,4.538461538,3.666666667,4.923076923,3.833333333,4.166666667,4.181818182,4.5,4.538461538,3.461538462,3.769230769,4.166666667,5.222222222,5.4,5.285714286,4.403931624,4.244055944,4.313034188,4.15491453,6.25,0.680272109,7.482993197,93.75,1,6,71,131,0,0
264,0,2,2,8,8,97,1,8.4,11,1,3,1,1,1,0,0,5.230769231,5.692307692,5.307692308,4.692307692,6.416666667,4,5.5,4.181818182,4,5.538461538,4.076923077,2.833333333,4.846153846,5.272727273,3.5,3.4,3.461538462,3.97044289,4.659440559,5.223290598,4.113053613,3.472222222,0.680272109,4.761904762,96.52777778,1,120,71,140,1,1
265,0,2,2,8,,0,1,8.3,12,1,3,1,1,1,1,1,4.076923077,4.461538462,4.461538462,3.769230769,4.769230769,2.692307692,3.333333333,3.916666667,3.666666667,3.384615385,5.307692308,6.153846154,5.923076923,5.083333333,4.888888889,5.6,5.142857143,5.52982906,3.921794872,4.038461538,5.512286325,9.722222222,0.680272109,10.88435374,90.27777778,1,75.5,95,130,2,2
266,0,2,2,8,,0,0,9.8,12,1,3,1,1,1,1,1,4.230769231,4.384615385,4.769230769,4.461538462,4.615384615,4.307692308,4.416666667,4.416666667,4.583333333,4.461538462,4.230769231,4.230769231,4.384615385,5.166666667,4.555555556,4.8,4.642857143,4.627521368,4.421794872,4.461538462,4.584401709,22.22222222,0.680272109,22.44897959,77.77777778,1,46,-32,136.5,1,1
267,0,2,2,8,,0,0,7.6,12,1,3,1,1,3,1,1,4.923076923,4.307692308,5.230769231,4.846153846,5,4.846153846,4.416666667,5.5,4.083333333,4.615384615,5.153846154,4.384615385,4.923076923,5.5,4.777777778,5.8,5.142857143,5.077094017,4.753846154,4.858974359,4.896367521,,,,,0,,,,3,3
268,0,2,2,8,,0,1,9.2,12,1,3,1,1,2,1,1,3.846153846,4.384615385,5.153846154,3.846153846,4.846153846,4.923076923,4.416666667,4.333333333,5.25,4.153846154,4.307692308,4.615384615,4.230769231,5.166666667,4.555555556,4.6,4.571428571,4.633675214,4.492307692,4.5,4.642094017,16.66666667,5.442176871,12.92517007,83.33333333,1,59.5,109.5,270,1,1
272,0,2,2,8,,0,1,9.4,12,0,3,1,0,1,1,0,3.384615385,2.923076923,6.615384615,4.846153846,4.384615385,5.333333333,4.666666667,5.25,5.818181818,4.461538462,4,4.307692308,4.615384615,6.5,4.888888889,4.8,4.857142857,5.022393162,4.839277389,4.581196581,5.077991453,5.555555556,0,7.482993197,94.44444444,1,-19,-16,111.5,3,3
273,1,3,0,9,,0,1,,12,1,3,1,1,2,1,1,5.846153846,5.692307692,6.461538462,6.230769231,5.923076923,1.692307692,4.5,2.083333333,4.666666667,5.384615385,4.75,2.923076923,5.384615385,4.833333333,3.222222222,4.8,3.785714286,4.232649573,4.276923077,5.307692308,4.090811966,26.38888889,1.360544218,26.53061224,73.61111111,1,149.5,-18.5,64,0,0
274,1,3,0,9,,0,0,,11,0,3,1,0,2,0,0,4.846153846,5.076923077,5.769230769,4.461538462,5.923076923,3.846153846,3.416666667,3.916666667,3.583333333,4.076923077,5.615384615,5.692307692,6.230769231,5,5,5.2,5.071428571,5.424615385,4.121794872,4.987179487,5.480769231,11.80555556,4.081632653,9.523809524,88.19444444,1,-10,126.5,131,2,2
275,1,3,0,9,,0,1,,,,3,NA,NA,NA,NA,NA,3.384615385,4.769230769,4.384615385,4.076923077,6.153846154,4,4.666666667,3.916666667,3.333333333,2.846153846,4.615384615,4.692307692,5.538461538,4.833333333,6,5,5.642857143,5.212820513,3.875641026,4.461538462,5.266025641,29.16666667,8.843537415,21.76870748,70.83333333,1,127.5,62,391,2,2
276,1,3,0,9,,0,0,,14,1,3,1,1,1,0,0,4.615384615,5.666666667,4.416666667,4.333333333,5.461538462,2.461538462,5.545454545,5.083333333,5.3,4.461538462,5.538461538,4.846153846,5.166666667,4.909090909,5.333333333,5,5.214285714,5.051048951,5.185757576,4.492521368,5.063811189,27.08333333,3.401360544,25.17006803,72.91666667,1,-55,25.5,60.5,3,3
277,1,3,0,9,,0,0,,13,1,3,1,1,2,1,1,5.923076923,5.538461538,6.5,6.333333333,5.416666667,1.307692308,2.75,4.75,2.545454545,4.230769231,4.363636364,3.538461538,4.692307692,6.416666667,4.222222222,4.6,4.357142857,4.693931624,3.727972028,5.169871795,4.71741453,18.05555556,14.28571429,5.442176871,81.94444444,1,196.5,21.5,61.5,0,0
278,1,3,0,9,,0,0,,12,1,3,1,1,2,1,1,3.769230769,4.461538462,3.846153846,3.692307692,4.769230769,3.153846154,4.583333333,4.333333333,5.166666667,4.230769231,4.75,6.153846154,5.846153846,4.583333333,6,4.2,5.357142857,5.356666667,4.612820513,3.948717949,5.645833333,5.555555556,4.761904762,2.721088435,94.44444444,1,52.5,-68.5,87.5,3,3
279,1,3,0,9,,0,0,,12,1,3,1,1,2,1,1,5.076923077,5.769230769,4.692307692,4.615384615,5.384615385,3.615384615,3.909090909,3.166666667,3.083333333,4.076923077,5,5.076923077,4.923076923,4.4,5.222222222,5.2,5.214285714,4.964444444,3.847202797,4.858974359,4.905555556,,,,,0,,,,2,2
280,1,3,0,9,,0,0,,12,1,3,1,1,2,1,1,4.769230769,4.461538462,3.846153846,5.230769231,5.538461538,3.230769231,5.5,4,4.166666667,4.230769231,4.615384615,4.461538462,5.076923077,4.5,5.222222222,4.6,5,4.772136752,4.502564103,4.512820513,4.81517094,18.75,5.442176871,14.96598639,81.25,1,99,10.5,160.5,3,1
281,1,3,0,9,,0,0,,12,0,3,1,0,1,1,0,4.923076923,5,4.923076923,4.692307692,5.833333333,3.615384615,4.25,5.083333333,5,5.076923077,3.769230769,4.076923077,4.692307692,4.75,3.888888889,4.4,4.071428571,4.361623932,4.635897436,4.831196581,4.352029915,30.55555556,12.24489796,19.72789116,69.44444444,1,-198.5,-65,-23,1,1
282,1,3,0,9,,0,1,,12,1,3,1,1,2,1,1,4.769230769,5.384615385,4.846153846,4.692307692,5.846153846,3.153846154,4.166666667,3.833333333,3.833333333,4.153846154,5.153846154,5.384615385,5.846153846,5.166666667,5.333333333,5.2,5.285714286,5.386153846,4.228205128,4.782051282,5.432692308,9.722222222,4.081632653,7.482993197,90.27777778,1,94,-87.5,128.5,2,2
284,1,3,0,9,,0,0,,,,3,NA,NA,NA,NA,NA,5.153846154,5.076923077,5.846153846,5.076923077,5.538461538,2.923076923,5.583333333,3.666666667,4.666666667,4.769230769,3.916666667,4.461538462,5.230769231,5.25,5.333333333,3.4,4.642857143,4.735128205,4.520512821,4.935897436,5.068910256,9.722222222,2.040816327,9.523809524,90.27777778,1,112,63.5,187.5,3,3
285,1,3,0,9,,0,1,,12,1,3,1,1,2,1,1,,,,,,,,,,,,,,,,,,,,,,14.58333333,0.680272109,15.6462585,85.41666667,1,110,54,118,NA,NA
286,1,3,0,9,,0,0,,,,3,NA,NA,NA,NA,NA,,,,,,,,,,,,,,,,,,,,,,24.30555556,9.523809524,16.32653061,75.69444444,1,-40.5,-46,193,NA,NA
287,1,3,0,9,,0,0,,11,1,3,1,1,2,0,0,3.923076923,4.583333333,3.538461538,4.230769231,5.538461538,2.384615385,2.916666667,3.454545455,2.6,2,6.538461538,6.692307692,6.846153846,5,6.666666667,4.8,6,6.001025641,3.501934732,4.033119658,6.301282051,6.25,4.081632653,4.081632653,93.75,1,113,179,200.5,2,2
288,1,3,0,9,,0,1,,10,1,3,0,0,1,0,0,3.461538462,5.230769231,4.25,4.153846154,5.769230769,1,3.333333333,2.25,1.818181818,1.846153846,6.538461538,5.615384615,6.538461538,5.916666667,5.111111111,5.4,5.214285714,5.716324786,3.157226107,3.977564103,5.795405983,12.5,0.680272109,13.60544218,87.5,1,105,60.5,62,2,2
289,1,3,1,10,,0,1,,,,3,NA,NA,NA,NA,NA,5.846153846,5.153846154,5.923076923,5.923076923,6.076923077,1.846153846,4.25,4.666666667,5.545454545,5.538461538,3.384615385,3.307692308,4.615384615,5.583333333,3.222222222,3.6,3.357142857,4.065726496,4.677039627,5.128205128,4.18215812,4.861111111,2.040816327,4.761904762,95.13888889,1,20.5,-41.5,233.5,1,1
290,1,3,1,10,,0,1,,12,1,3,1,1,1,1,1,3.75,5.25,4.272727273,4.692307692,5.230769231,1.454545455,4.5,4.75,3.4,4.272727273,5.166666667,4.833333333,5.692307692,5,5.125,4.6,4.923076923,5.050128205,4.417878788,4.108391608,5.162660256,47.91666667,7.482993197,41.49659864,52.08333333,1,185.5,-52,-54,3,3
291,1,3,1,10,,0,0,,13,1,3,1,1,2,1,1,4.923076923,5.076923077,5,3.833333333,4.923076923,4.230769231,4.916666667,4.416666667,4.25,4.769230769,4.333333333,4.461538462,5.153846154,5,5,3,4.285714286,4.523076923,4.537179487,4.664529915,4.903846154,9.027777778,0,10.88435374,90.97222222,1,162,123,31.5,1,3
292,1,3,1,10,,0,0,,,,3,NA,NA,NA,NA,NA,5.5,5.076923077,6.666666667,6.307692308,6.230769231,1.083333333,5.916666667,5.583333333,4.090909091,5.416666667,4.461538462,4.461538462,5.75,5.454545455,3.666666667,3.8,3.714285714,4.626550117,5.093822844,5.144230769,4.833187646,0.694444444,0,2.721088435,99.30555556,1,94.5,5.5,45.5,1,3
293,1,3,1,10,,0,1,,12,1,3,1,1,1,1,1,3.153846154,5.076923077,4.692307692,3.538461538,5.230769231,3.692307692,4.166666667,3.545454545,2.25,2.692307692,5.75,6.538461538,6.25,5.166666667,6.222222222,4.6,5.642857143,5.755470085,3.680885781,4.230769231,6.044337607,6.944444444,1.360544218,7.482993197,93.05555556,1,79,57,109,2,2
294,1,3,1,10,,0,0,,15,0,3,0,0,2,0,0,,,,,,,,,,,,,,,,,,,,,,9.027777778,4.081632653,6.802721088,90.97222222,1,-64.5,19,232,NA,NA
295,1,3,1,10,,0,0,,,,3,NA,NA,NA,NA,NA,4.166666667,5.153846154,6.076923077,3.692307692,5.692307692,5.333333333,2.916666667,2.916666667,4.090909091,5.153846154,4.384615385,4.692307692,5.461538462,5.5,5.888888889,3.8,5.142857143,5.068547009,3.892540793,5.019230769,5.385683761,5.555555556,1.360544218,6.12244898,94.44444444,1,67,-28.5,196.5,2,2
296,1,3,1,10,,0,0,,10,1,3,0,0,1,0,0,4.083333333,5.461538462,4.538461538,4.307692308,5.307692308,2.923076923,4.916666667,4.25,4.583333333,4.461538462,4.5,5.538461538,5.615384615,5.166666667,3.777777778,5.4,4.357142857,5.09965812,4.542307692,4.436965812,5.02457265,20.13888889,9.523809524,11.56462585,79.86111111,1,53.5,162.5,268,3,3
297,1,3,1,10,,0,1,,13,1,3,1,1,1,1,1,4.5,4.461538462,3.461538462,4.230769231,5.153846154,1.916666667,5.416666667,4.166666667,4.75,5.153846154,3.75,4.461538462,4.454545455,5.333333333,3.444444444,3.4,3.428571429,4.218772339,4.647435897,3.954059829,4.423465423,3.472222222,2.040816327,3.401360544,96.52777778,1,87.5,77,67,1,1
298,1,3,1,10,,0,1,,12,1,3,1,1,2,1,1,,,,,,,,,,,,,,,,,,,,,,1.388888889,0.680272109,2.721088435,98.61111111,1,71,31,63.5,NA,NA
299,1,4,1,11,,0,1,9.5,12,1,3,1,1,1,1,1,,,,,,,,,,,,,,,,,,,,,,6.944444444,0.680272109,8.163265306,93.05555556,1,-8.5,27.5,110,NA,NA
300,1,4,1,11,,0,0,10,12,0,3,1,0,2,1,0,3.916666667,5,5.153846154,4.615384615,5.692307692,3.846153846,2.416666667,3.25,3.25,3,4.846153846,5.538461538,5.307692308,5.5,5.375,4.6,5.076923077,5.264230769,3.352564103,4.704059829,5.430288462,3.472222222,1.360544218,4.081632653,96.52777778,1,59,52,21,2,2
301,1,4,1,11,,0,1,9.4,12,1,3,1,1,1,1,1,3.615384615,5.230769231,5.538461538,4.307692308,4.307692308,2.538461538,4.166666667,4.25,4.583333333,5.153846154,3.538461538,3.538461538,5.923076923,4.5,2.75,3.4,3,4.022307692,4.338461538,4.256410256,4.177884615,11.80555556,0.680272109,12.92517007,88.19444444,1,-5,73.5,116,1,1
302,1,4,1,11,,0,0,9.6,12,1,3,1,1,1,1,1,2.692307692,5.333333333,2.615384615,3.615384615,5.846153846,3.461538462,4.272727273,3.416666667,3.666666667,3.75,5.5,6.615384615,6.076923077,4.833333333,5.875,4.4,5.307692308,5.560128205,4.121212121,3.927350427,5.850160256,2.777777778,1.360544218,3.401360544,97.22222222,1,95.5,48.5,55,2,2
303,1,4,1,11,,0,1,9.5,13,1,3,1,1,1,1,1,3.692307692,5.384615385,4.615384615,4.615384615,5.307692308,3.230769231,5.25,5.166666667,4.666666667,4.538461538,4.076923077,5,5.923076923,5.5,4.375,4.2,4.307692308,4.999615385,4.73974359,4.474358974,5.199519231,2.083333333,0.680272109,3.401360544,97.91666667,1,172,-24,152.5,3,3
304,1,4,1,11,,0,0,9.5,12,0,3,1,0,1,1,0,,,,,,,,,,,,,,,,,,,,,,6.25,3.401360544,4.761904762,93.75,1,105,4,25.5,NA,NA
305,1,4,1,11,,0,1,9.1,,,3,NA,NA,NA,NA,NA,6.153846154,6.230769231,5.416666667,5.461538462,6.230769231,1.615384615,3.916666667,4,2.166666667,3.692307692,4.916666667,4.384615385,4.538461538,5.545454545,4,4.6,4.3,4.692132867,3.738461538,5.18482906,4.617132867,3.472222222,0,5.442176871,96.52777778,1,117.5,44.5,141,0,0
306,1,4,1,11,,0,0,9.2,12,1,3,1,1,2,1,1,4.076923077,4.307692308,4.461538462,3.153846154,5.461538462,4.230769231,5.166666667,4.25,3.75,4.307692308,4.083333333,4.692307692,5.090909091,5.083333333,4.625,5,4.769230769,4.898310023,4.311538462,4.282051282,4.872887529,13.19444444,8.163265306,31.29251701,86.80555556,1,61.5,-42,22,3,3
307,1,4,1,11,,0,0,9.8,12,0,3,1,0,1,1,0,,,,,,,,,,,,,,,,,,,,,,28.47222222,6.802721088,23.1292517,71.52777778,1,-72,115.5,74,NA,NA
308,1,4,1,11,,0,1,9.6,12,0,3,1,0,2,1,0,,,,,,,,,,,,,,,,,,,,,,6.25,4.081632653,4.081632653,93.75,1,90,41,259,NA,NA
309,1,4,1,12,,0,0,9.6,12,1,3,1,1,1,1,1,,,,,,,,,,,,,,,,,,,,,,3.472222222,0,5.442176871,96.52777778,1,63,68.5,52,NA,NA
310,1,4,1,12,,0,1,9.4,13,0,3,1,0,1,1,0,4.461538462,4,5.538461538,4.769230769,5.538461538,3.307692308,3.75,3.833333333,4.166666667,5.923076923,4.666666667,3.846153846,5.076923077,6,4.125,3,3.692307692,4.409615385,4.467948718,4.602564103,4.762019231,6.25,0.680272109,7.482993197,93.75,1,148,-18,91.5,1,1
311,1,4,1,12,,0,1,9.4,12,1,3,1,1,1,1,1,4.615384615,5.75,4.538461538,4.076923077,6.230769231,5.076923077,5.727272727,4.833333333,5.272727273,4.384615385,5.384615385,4.461538462,5.538461538,5.666666667,4.375,4.2,4.307692308,4.848333333,5.120512821,5.048076923,5.010416667,13.19444444,0,14.96598639,86.80555556,1,26,-63,51,3,3
312,1,4,1,12,,0,1,9.6,12,1,3,1,1,2,1,1,4.692307692,4.692307692,5.307692308,3.769230769,6.461538462,3.846153846,5.5,4.916666667,5.333333333,5.153846154,3.230769231,4.538461538,4.615384615,5.5,5.125,3.6,4.538461538,4.675769231,4.826923077,4.794871795,4.944711538,9.027777778,2.040816327,8.843537415,90.97222222,1,69,58,-10.5,1,3
313,1,4,1,12,,0,0,9.7,12,1,3,1,1,1,1,1,4.461538462,4.538461538,3.846153846,4.846153846,5.846153846,2.692307692,5.083333333,4.25,4.083333333,4.692307692,5.230769231,5.615384615,5.153846154,4.75,4.444444444,4.4,4.422222222,4.872735043,4.667948718,4.371794872,4.990918803,2.083333333,0.680272109,3.401360544,97.91666667,1,16.5,20,77.5,3,3
314,1,4,1,12,,0,0,9.7,10,1,3,0,0,1,0,0,3.75,4.615384615,4.846153846,4.230769231,5.153846154,4.461538462,4.416666667,4.5,4.363636364,4.076923077,4.916666667,5.384615385,5.384615385,5.333333333,4.125,4.6,4.307692308,4.965512821,4.454778555,4.509615385,5.056891026,5.555555556,2.040816327,5.442176871,94.44444444,1,44.5,-34.5,65.5,3,3
315,1,4,1,12,,0,1,8.9,11,0,3,1,0,1,0,0,3.230769231,4.769230769,3.923076923,4.461538462,5.307692308,2.461538462,3.090909091,4.090909091,4.333333333,5.461538462,4.384615385,4.307692308,4.916666667,4.75,3.75,3.4,3.615384615,4.224871795,4.272261072,4.025641026,4.431089744,32.63888889,10.20408163,23.80952381,67.36111111,1,27,-40.5,-15,0,0
316,1,4,1,12,,0,0,9.7,,,3,NA,NA,NA,NA,NA,,,,,,,,,,,,,,,,,,,,,,22.22222222,13.60544218,10.20408163,77.77777778,1,191,130,-31,NA,NA
317,1,4,1,12,,0,0,9.7,11,1,3,1,1,1,0,0,3.923076923,5.230769231,3.916666667,3.615384615,5.769230769,4.307692308,4.916666667,4.416666667,4.666666667,4.846153846,5.153846154,6.153846154,5.692307692,5.083333333,5.25,5,5.153846154,5.435897436,4.8,4.460470085,5.544871795,4.166666667,1.360544218,4.761904762,95.83333333,1,92.5,69,120,3,3
318,1,4,1,12,,0,0,9.6,10,1,3,0,0,1,0,0,,,,,,,,,,,,,,,,,,,,,,1.388888889,0.680272109,2.721088435,98.61111111,1,137,76,-19,NA,NA
319,1,4,1,12,,0,1,9.3,12,1,3,1,1,1,1,1,4.461538462,5.461538462,3.846153846,5.307692308,6,1.538461538,3,4.25,4.166666667,5,5.846153846,4.307692308,5.769230769,3.916666667,5.625,4.4,5.153846154,4.803717949,4.452564103,4.435897436,4.904647436,13.88888889,0,15.6462585,86.11111111,1,61,109.5,87,3,3
320,1,4,2,13,,0,1,9.7,12,1,3,1,1,1,1,1,3.416666667,6,5.076923077,4.384615385,5.846153846,2.307692308,2.833333333,2.166666667,2.75,2.461538462,5.384615385,6.307692308,5.090909091,6.333333333,6.5,5.6,6.153846154,5.966386946,3.119230769,4.50534188,6.057983683,1.388888889,0,3.401360544,98.61111111,1,23.5,126.5,106,2,2
321,1,4,2,13,,0,1,8.9,13,1,3,1,1,1,1,1,3.692307692,5.461538462,4.5,4.461538462,6,2.076923077,4.6,4.454545455,4,4.846153846,3.916666667,4.230769231,6,6,4.5,3.8,4.230769231,4.906153846,4.363473193,4.365384615,5.182692308,6.25,0,8.163265306,93.75,1,-88.5,-71,87.5,3,3
322,1,4,2,13,,0,1,9.4,13,1,3,1,1,2,1,1,3.769230769,4.692307692,5.181818182,4.307692308,4.769230769,3,3.416666667,3.727272727,3.818181818,3.230769231,4.692307692,5.846153846,4.833333333,4.916666667,4.625,5,4.769230769,5.044230769,3.777039627,4.286713287,5.055288462,4.166666667,0,6.12244898,95.83333333,1,86.5,4,78,2,2
323,1,4,2,13,,0,0,9.2,13,1,3,1,1,2,1,1,,,,,,,,,,,,,,,,,,,,,,,,,,0,,,,NA,NA
324,1,4,2,13,,0,1,9.8,13,1,3,1,1,1,1,1,,,,,,,,,,,,,,,,,,,,,,9.027777778,0,10.88435374,90.97222222,1,57.5,24,100,NA,NA
325,1,4,2,13,,0,1,9,12,0,3,1,0,1,1,0,,,,,,,,,,,,,,,,,,,,,,19.44444444,5.442176871,15.6462585,80.55555556,1,119,118.5,266,NA,NA
326,1,4,2,13,,0,0,9.1,10,1,3,0,0,2,0,0,5,4.153846154,5,5.5,6.416666667,3.307692308,2.666666667,2.583333333,3.083333333,3.615384615,4.583333333,5.166666667,3.272727273,5.7,4.125,5.8,4.769230769,4.812878788,3.306410256,4.896367521,4.566098485,3.472222222,0,5.442176871,96.52777778,1,70,41,72.5,2,0
327,1,4,2,13,,0,0,8.9,10,1,3,0,0,3,0,0,,,,,,,,,,,,,,,,,,,,,,8.333333333,7.482993197,2.721088435,91.66666667,1,25.5,-93.5,-9,NA,NA
328,1,4,2,13,,0,0,9.3,12,0,3,1,0,1,1,0,,,,,,,,,,,,,,,,,,,,,,6.944444444,1.360544218,7.482993197,93.05555556,1,161.5,-14.5,134,NA,NA
329,1,4,2,13,,0,1,9.4,13,0,3,1,0,2,1,0,4.076923077,5,4.692307692,4.153846154,5.153846154,4.307692308,3.75,5.166666667,2.666666667,4.461538462,4.461538462,5.307692308,5,5.5,3.625,3.8,3.692307692,4.646538462,4.101282051,4.564102564,4.858173077,4.166666667,0,6.12244898,95.83333333,1,17,45,185,0,2
330,1,4,2,13,,0,1,9.3,13,1,3,1,1,2,1,1,,,,,,,,,,,,,,,,,,,,,,6.944444444,2.040816327,6.802721088,93.05555556,1,131,11,104,NA,NA
331,1,4,2,13,,0,0,9.1,12,1,3,1,1,2,1,1,,,,,,,,,,,,,,,,,,,,,,14.58333333,0.680272109,15.6462585,85.41666667,1,110.5,77,124.5,NA,NA
332,1,4,2,13,,0,1,9.2,14,1,3,1,1,1,0,0,5.307692308,5,4.846153846,5.538461538,5.923076923,1.461538462,4.916666667,3.25,4.166666667,5.583333333,3.615384615,3.384615385,5.153846154,4.666666667,3.25,3.2,3.230769231,3.931025641,4.306410256,4.679487179,4.113782051,15.97222222,0,17.68707483,84.02777778,1,44.5,9,102,0,0
333,1,4,2,14,,0,1,9.2,12,1,3,1,1,1,1,1,,,,,,,,,,,,,,,,,,,,,,6.944444444,0,8.843537415,93.05555556,1,101.5,27.5,85.5,NA,NA
334,1,4,2,14,,0,0,8.9,12,1,3,1,1,2,1,1,4.769230769,3.923076923,4.153846154,4.615384615,5.230769231,4.076923077,3.75,4.833333333,5.166666667,5.846153846,4.461538462,4.153846154,4.384615385,6.083333333,4.875,3.6,4.384615385,4.619358974,4.811538462,4.461538462,4.874198718,5.555555556,2.721088435,4.761904762,94.44444444,1,-2.5,71.5,5.5,1,3
335,1,4,2,14,,0,1,8.6,13,1,3,1,1,1,1,1,,,,,,,,,,,,,,,,,,,,,,4.861111111,0,6.802721088,95.13888889,1,0,47.5,146.5,NA,NA
336,1,4,2,14,,0,1,9.3,12,0,3,1,0,1,1,0,,,,,,,,,,,,,,,,,,,,,,21.52777778,4.761904762,18.36734694,78.47222222,1,67,-75,30,NA,NA
337,1,4,2,14,,0,0,9.3,12,0,3,1,0,1,1,0,5.769230769,5.769230769,5.230769231,4.769230769,5.769230769,2.384615385,3.583333333,3.75,4.083333333,5.076923077,4.153846154,4,4.923076923,5,4.25,4.2,4.230769231,4.474615385,4.129487179,4.948717949,4.543269231,10.41666667,5.442176871,6.802721088,89.58333333,1,188,70,97,0,0
338,1,4,2,14,,0,0,9.1,13,1,3,1,1,1,1,1,,,,,,,,,,,,,,,,,,,,,,15.27777778,4.761904762,12.24489796,84.72222222,1,76,-12,-34,NA,NA
339,1,4,2,14,,,1,9.2,10,1,3,0,0,1,0,0,4.307692308,5.461538462,4.230769231,4.153846154,6,4.230769231,5.333333333,3.416666667,4.166666667,5.384615385,4.083333333,5,4.846153846,5.666666667,4.5,3.8,4.230769231,4.762564103,4.476923077,4.730769231,5.003205128,0.694444444,0.680272109,2.040816327,99.30555556,1,10.5,15,121,3,3
340,1,4,2,14,,,1,8.7,11,1,3,1,1,2,0,0,5.384615385,6,6,5.076923077,6.230769231,3.461538462,4.416666667,3.916666667,4,5.692307692,5.153846154,4.153846154,5.538461538,3.636363636,2.375,5.4,3.538461538,4.220734266,4.635897436,5.358974359,3.925917832,8.333333333,2.721088435,7.482993197,91.66666667,1,80.5,64,-13,1,1
341,1,4,2,14,,,1,9.7,12,1,3,1,1,1,1,1,,,,,,,,,,,,,,,,,,,,,,2.777777778,0,4.761904762,97.22222222,1,24,114,95,NA,NA
342,1,4,2,14,,,1,9.7,12,1,3,1,1,1,1,1,,,,,,,,,,,,,,,,,,,,,,6.944444444,2.721088435,6.12244898,93.05555556,1,100.5,111,-32,NA,NA
343,1,4,2,14,,,1,9.8,13,1,3,1,1,1,1,1,4.5,4.230769231,5.583333333,4.923076923,5.076923077,3.25,3.2,4.636363636,3.5,5.307692308,4.833333333,5.153846154,5.545454545,4.833333333,5.625,4.4,5.153846154,5.111526807,4.295477855,4.594017094,5.289408508,1.388888889,0,3.401360544,98.61111111,1,93,72.5,148,2,2
345,0,5,2,15,7,94,0,9.7,12,1,3,1,1,2,1,1,,,,,,,,,,,,,,,,,,,,,,31.25,13.60544218,19.04761905,68.75,1,27.5,30,113,NA,NA
346,0,5,2,15,8,101,1,8.7,,,3,NA,NA,NA,NA,NA,6.076923077,3.846153846,6.153846154,5.538461538,6.2,1.307692308,2,3,4.5,4.416666667,5.166666667,2.538461538,5.230769231,5.166666667,3.333333333,3,3.214285714,3.853846154,3.816666667,4.853846154,4.067307692,12.5,0.680272109,13.60544218,87.5,1,45,92,90,0,0
347,0,5,2,15,7,93,0,7.6,11,1,3,1,1,1,0,0,,,,,,,,,,,,,,,,,,,,,,28.47222222,6.802721088,23.1292517,71.52777778,1,20,151,-13,NA,NA
348,0,5,2,15,7,94,1,8.3,,,3,NA,NA,NA,NA,NA,5.5,4.846153846,4.538461538,4.769230769,5,2.615384615,4.666666667,3.916666667,3.083333333,3.083333333,5.384615385,4.769230769,5.615384615,4.416666667,4.444444444,5,4.642857143,4.849145299,4.026923077,4.544871795,4.811431624,28.47222222,5.442176871,24.48979592,71.52777778,1,71,-53.5,219.5,2,0
349,0,5,2,15,7,94,1,8.8,11,1,3,1,1,1,0,0,5.230769231,5.076923077,5.923076923,5.153846154,5.25,3,4.583333333,3.583333333,3.333333333,3,5.307692308,4.846153846,5.307692308,5.25,4.222222222,5,4.5,4.925213675,3.961538462,4.939102564,4.906517094,13.19444444,2.721088435,12.24489796,86.80555556,1,-30,149,190.5,2,2
350,0,5,2,15,8,96,1,7.1,,,3,NA,NA,NA,NA,NA,4,3.916666667,5.222222222,3.571428571,5,4,3.5,4.4,4.9,4.818181818,4.363636364,3.833333333,4,4.111111111,4,3.8,3.923076923,3.948888889,4.396363636,4.28505291,3.986111111,47.91666667,0,48.97959184,52.08333333,1,69,138,-21.5,1,1
351,0,5,2,15,,,0,9.9,12,1,3,1,1,1,1,1,3.923076923,4.230769231,3.666666667,3.538461538,4.916666667,3.153846154,4.818181818,3.333333333,3.916666667,3.615384615,5.333333333,6.083333333,5.5,4.75,5.111111111,5.8,5.357142857,5.448888889,4.203379953,3.90491453,5.361111111,2.777777778,1.360544218,3.401360544,97.22222222,1,8.5,9.5,132.5,2,2
352,0,5,2,15,,,1,9.1,,,3,NA,NA,NA,NA,NA,,,,,,,,,,,,,,,,,,,,,,8.333333333,4.081632653,6.12244898,91.66666667,1,43.5,146,18,NA,NA
353,0,5,2,15,,,0,7.4,,,3,NA,NA,NA,NA,NA,,,,,,,,,,,,,,,,,,,,,,20.13888889,14.28571429,7.482993197,79.86111111,1,178,124.5,58,NA,NA
354,0,5,2,15,7,91,1,7.6,12,1,3,1,1,2,1,1,3.538461538,4.769230769,5.153846154,3.846153846,4.076923077,4.923076923,4.666666667,4.333333333,4.5,4.615384615,3.769230769,4.076923077,4.615384615,3.916666667,3.555555556,4.2,3.785714286,4.072905983,4.376923077,4.384615385,4.041132479,6.25,1.360544218,6.802721088,93.75,1,81.5,55.5,277,1,1
355,0,5,2,15,,,0,7.7,12,1,3,1,1,3,1,1,,,,,,,,,,,,,,,,,,,,,,11.11111111,3.401360544,9.523809524,88.88888889,1,31.5,46,133.5,NA,NA
356,0,5,2,15,7,88,1,7.7,,,3,NA,NA,NA,NA,NA,,,,,,,,,,,,,,,,,,,,,,6.944444444,2.721088435,6.12244898,93.05555556,1,28.5,3,27,NA,NA
2,0,1,1,1,6,81,0,7.1,,,3,NA,NA,NA,NA,NA,5,5.416666667,5.833333333,4.916666667,5.583333333,1.916666667,2.916666667,2.909090909,3.916666667,4.230769231,5,5.416666667,6.083333333,6.090909091,4.666666667,4.5,4.615384615,5.351515152,3.794638695,4.777777778,5.564393939,,,,,,,,,2,2
4,0,1,1,1,6,79,0,8.7,,,3,NA,NA,NA,NA,NA,4.769230769,4.769230769,3.846153846,4.230769231,5.583333333,3.769230769,3.666666667,3.454545455,4.181818182,4.923076923,5.230769231,4.230769231,5.153846154,4.5,3.555555556,4.25,3.769230769,4.338034188,4.291375291,4.49465812,4.360042735,,,,,,,,,0,0
7,0,1,1,1,6,81,1,7.7,,,3,NA,NA,NA,NA,NA,4.076923077,4.461538462,3.923076923,4.307692308,5.076923077,2.384615385,3.666666667,4,3.833333333,3.615384615,4.5,4.769230769,5.153846154,5.083333333,4,4.4,4.142857143,4.681282051,3.923076923,4.038461538,4.751602564,,,,,,,,,0,0
9,0,1,1,1,6,81,0,7.8,,,3,NA,NA,NA,NA,NA,2.923076923,4,4,3.615384615,4.153846154,4.076923077,3.083333333,4.083333333,3.5,3.384615385,3.333333333,3.769230769,4.307692308,3.583333333,3.888888889,4.2,4,3.94982906,3.476923077,3.794871795,3.887286325,,,,,,,,,0,0
10,0,1,1,1,6,77,1,7,,,3,NA,NA,NA,NA,NA,5.538461538,5.384615385,5.769230769,5.846153846,5.769230769,2.615384615,3.833333333,3.5,3.909090909,5.461538462,3.846153846,3.461538462,5.538461538,5.5,2.777777778,2.8,2.785714286,4.015555556,4.11002331,5.153846154,4.319444444,,,,,,,,,0,0
15,0,1,1,1,,,0,9.1,12,0,3,1,0,2,1,0,,,,,,,,,,,,,,,,,,,,,,,,,,,,,,NA,NA
17,0,1,1,1,6,72,0,8.8,,,3,NA,NA,NA,NA,NA,4.615384615,4.615384615,4.307692308,3,5.692307692,3.692307692,4.333333333,4.166666667,5.75,3.307692308,4.076923077,4.769230769,4.846153846,4.333333333,4.222222222,3.4,3.928571429,4.314188034,4.326923077,4.320512821,4.542735043,,,,,,,,,1,1
23,0,1,1,1,7,86,1,8.5,,,3,NA,NA,NA,NA,NA,4.384615385,5.307692308,5.5,5.230769231,4.307692308,3.153846154,3.833333333,4.333333333,5.583333333,4.384615385,4.923076923,5.538461538,4.307692308,5.25,5.777777778,4.8,5.428571429,5.134786325,4.611538462,4.647435897,5.218482906,,,,,,,,,3,3
24,0,1,1,1,7,85,0,10,12,1,3,1,1,1,1,1,5.272727273,5.461538462,3.923076923,4.307692308,5.307692308,2.692307692,4.333333333,3.166666667,3.583333333,3.076923077,4.692307692,5.538461538,5.230769231,5.333333333,5.333333333,4.6,5.071428571,5.207179487,3.770512821,4.494172494,5.358974359,,,,,,,,,2,2
25,0,1,1,1,,,0,8.5,12,0,3,1,0,2,1,0,,,,,,,,,,,,,,,,,,,,,,,,,,,,,,NA,NA
30,0,1,1,1,,,0,9.6,12,1,3,1,1,3,1,1,,,,,,,,,,,,,,,,,,,,,,,,,,,,,,NA,NA
35,0,1,1,1,6,79,0,8.3,,,3,NA,NA,NA,NA,NA,4.769230769,4.461538462,4.384615385,4.307692308,3.923076923,3.923076923,4.583333333,3.416666667,3.5,2.307692308,5.538461538,5.692307692,4.923076923,4.833333333,4.666666667,4.6,4.642857143,4.943076923,3.869230769,4.294871795,5.028846154,,,,,,,,,2,2
36,0,1,1,1,6,75,1,7.6,,,3,NA,NA,NA,NA,NA,5.692307692,4.923076923,6.153846154,4.272727273,4.615384615,3.076923077,3.333333333,5,5.083333333,3.75,4.538461538,4.818181818,5.3,4.916666667,3.444444444,5.6,4.214285714,4.815858586,4.341025641,4.789044289,4.619823232,,,,,,,,,3,1
37,0,1,1,1,6,76,1,7.8,,,3,NA,NA,NA,NA,NA,5.846153846,4.615384615,5.538461538,4.461538462,5.307692308,2.923076923,4.181818182,3.916666667,3.583333333,3.615384615,4.25,3.923076923,4.461538462,4.636363636,3.666666667,3.8,3.714285714,4.097529138,3.909440559,4.782051282,4.171911422,,,,,,,,,0,0
40,0,1,1,2,,,0,8.3,13,0,3,1,0,2,1,0,,,,,,,,,,,,,,,,,,,,,,,,,,,,,,NA,NA
43,0,1,1,2,,,0,9.5,12,1,3,1,1,2,1,1,,,,,,,,,,,,,,,,,,,,,,,,,,,,,,NA,NA
45,0,1,1,2,,,0,9.5,12,1,3,1,1,2,1,1,,,,,,,,,,,,,,,,,,,,,,,,,,,,,,NA,NA
62,0,1,1,2,,,0,8.5,6,1,3,0,0,2,0,0,,,,,,,,,,,,,,,,,,,,,,,,,,,,,,NA,NA
63,0,1,1,2,,,1,9,11,1,3,1,1,1,0,0,,,,,,,,,,,,,,,,,,,,,,,,,,,,,,NA,NA
65,0,1,1,2,,,0,8.8,11,1,3,1,1,1,0,0,,,,,,,,,,,,,,,,,,,,,,,,,,,,,,NA,NA
70,0,1,1,2,,,1,8.2,14,0,3,1,0,2,0,0,,,,,,,,,,,,,,,,,,,,,,,,,,,,,,NA,NA
71,0,1,1,2,,,0,9.4,12,1,3,1,1,2,1,1,,,,,,,,,,,,,,,,,,,,,,,,,,,,,,NA,NA
74,0,1,1,2,,,1,9.6,12,1,3,1,1,2,1,1,,,,,,,,,,,,,,,,,,,,,,,,,,,,,,NA,NA
75,0,1,1,2,,,0,9.4,12,0,3,1,0,2,1,0,,,,,,,,,,,,,,,,,,,,,,,,,,,,,,NA,NA
79,0,1,1,3,,,0,9.5,13,1,3,1,1,2,1,1,,,,,,,,,,,,,,,,,,,,,,,,,,,,,,NA,NA
81,0,1,1,3,6,72,0,8.8,,,3,NA,NA,NA,NA,NA,4,4.692307692,4.384615385,4.923076923,5,4,3.5,4.5,3.75,5,4,3.230769231,4.615384615,3.583333333,2.777777778,5.4,3.714285714,3.921452991,4.15,4.5,3.551816239,,,,,,,,,0,0
83,0,1,1,3,,,1,7.4,11,1,3,1,1,2,0,0,,,,,,,,,,,,,,,,,,,,,,,,,,,,,,NA,NA
89,0,1,1,3,6,80,1,7.9,14,1,3,1,1,2,0,0,,,,,,,,,,,,,,,,,,,,,,,,,,,,,,NA,NA
92,0,1,1,3,,,0,8.2,12,1,3,1,1,1,1,1,,,,,,,,,,,,,,,,,,,,,,,,,,,,,,NA,NA
95,0,1,1,3,6,83,0,9.6,10,1,3,0,0,1,0,0,,,,,,,,,,,,,,,,,,,,,,,,,,,,,,NA,NA
96,0,1,1,3,6,83,0,9.9,12,1,3,1,1,1,1,1,,,,,,,,,,,,,,,,,,,,,,,,,,,,,,NA,NA
97,0,1,1,3,,,0,8,12,1,3,1,1,2,1,1,,,,,,,,,,,,,,,,,,,,,,,,,,,,,,NA,NA
98,0,1,1,3,6,81,1,9.8,11,0,3,1,0,2,0,0,,,,,,,,,,,,,,,,,,,,,,,,,,,,,,NA,NA
99,0,1,1,3,,,0,7,13,1,3,1,1,2,1,1,,,,,,,,,,,,,,,,,,,,,,,,,,,,,,NA,NA
100,0,1,1,3,,,1,9,12,0,3,1,0,1,1,0,,,,,,,,,,,,,,,,,,,,,,,,,,,,,,NA,NA
103,0,1,1,3,6,80,1,7.8,8,0,3,0,0,2,0,0,,,,,,,,,,,,,,,,,,,,,,,,,,,,,,NA,NA
105,0,1,1,3,,,0,8.6,13,1,3,1,1,1,1,1,,,,,,,,,,,,,,,,,,,,,,,,,,,,,,NA,NA
107,0,1,1,3,6,72,0,8.2,12,1,3,1,1,1,1,1,4.692307692,3.923076923,5.076923077,4.153846154,4.615384615,4.153846154,3.75,4.25,4.166666667,4.846153846,4.384615385,5,4,4.727272727,3.777777778,4.2,3.928571429,4.341010101,4.279487179,4.435897436,4.376262626,17.36111111,0,0,82.63888889,1,99,3,167.5,0,0
108,0,1,1,3,,,1,8.5,11,0,3,1,0,1,0,0,,,,,,,,,,,,,,,,,,,,,,,,,,,,,,NA,NA
112,0,1,1,3,,,0,9.9,13,1,3,1,1,1,1,1,,,,,,,,,,,,,,,,,,,,,,,,,,,,,,NA,NA
114,0,1,2,4,,,1,8.4,11,1,3,1,1,1,0,0,,,,,,,,,,,,,,,,,,,,,,,,,,,,,,NA,NA
115,0,1,2,4,,,0,8.3,14,0,3,1,0,3,0,0,,,,,,,,,,,,,,,,,,,,,,,,,,,,,,NA,NA
117,0,1,2,4,7,84,0,8,12,0,3,1,0,2,1,0,,,,,,,,,,,,,,,,,,,,,,,,,,,,,,NA,NA
118,0,1,2,4,,,1,9.1,12,1,3,1,1,3,1,1,,,,,,,,,,,,,,,,,,,,,,,,,,,,,,NA,NA
119,0,1,2,4,,,0,9.2,12,0,3,1,0,1,1,0,,,,,,,,,,,,,,,,,,,,,,,,,,,,,,NA,NA
120,0,1,2,4,,,0,9.3,11,0,3,1,0,1,0,0,,,,,,,,,,,,,,,,,,,,,,,,,,,,,,NA,NA
121,0,1,2,4,,,0,9.3,11,1,3,1,1,1,0,0,,,,,,,,,,,,,,,,,,,,,,,,,,,,,,NA,NA
123,0,1,2,4,,,1,8.1,11,0,3,1,0,2,0,0,,,,,,,,,,,,,,,,,,,,,,,,,,,,,,NA,NA
125,0,1,2,4,7,91,1,8.4,,,3,NA,NA,NA,NA,NA,5.076923077,5,5.846153846,5.307692308,5.846153846,3.153846154,2.916666667,4.166666667,3.75,3.769230769,4.769230769,4.076923077,4.692307692,4.75,4.666666667,5,4.785714286,4.637179487,3.874358974,5.038461538,4.546474359,,,,,,,,,0,0
126,0,1,2,4,,,1,7.5,15,0,3,0,0,3,0,0,,,,,,,,,,,,,,,,,,,,,,,,,,,,,,NA,NA
127,0,1,2,4,,,0,8.7,12,1,3,1,1,1,1,1,,,,,,,,,,,,,,,,,,,,,,,,,,,,,,NA,NA
128,0,1,2,4,,,1,8.4,20,1,3,0,0,1,0,0,,,,,,,,,,,,,,,,,,,,,,,,,,,,,,NA,NA
130,0,1,2,4,7,87,1,8.6,,,3,NA,NA,NA,NA,NA,3.363636364,3.833333333,3.916666667,4.333333333,4.272727273,4.583333333,4.272727273,4.727272727,4.166666667,4.181818182,3.923076923,3.833333333,4.307692308,4.727272727,3,4.2,3.461538462,4.013659674,4.254312354,4.050505051,3.967074592,,,,,,,,,0,0
132,0,1,2,4,,,1,6.3,12,1,3,1,1,2,1,1,,,,,,,,,,,,,,,,,,,,,,,,,,,,,,NA,NA
136,0,1,2,4,8,96,1,7.6,,,3,NA,NA,NA,NA,NA,5.538461538,4.538461538,5.615384615,4.923076923,6.461538462,2.076923077,4.75,4.75,4.083333333,4.846153846,4.666666667,4.230769231,4.692307692,5.416666667,3.888888889,4,3.928571429,4.445726496,4.619230769,4.858974359,4.55715812,,,,,,,,,1,1
137,0,1,2,4,,,0,9.6,12,1,3,1,1,1,1,1,,,,,,,,,,,,,,,,,,,,,,,,,,,,,,NA,NA
139,0,1,2,4,,,0,8.2,12,1,3,1,1,2,1,1,,,,,,,,,,,,,,,,,,,,,,,,,,,,,,NA,NA
142,0,1,2,4,,,1,7.2,13,1,3,1,1,1,1,1,,,,,,,,,,,,,,,,,,,,,,,,,,,,,,NA,NA
144,0,1,2,4,,,0,7.9,14,1,3,1,1,2,0,0,,,,,,,,,,,,,,,,,,,,,,,,,,,,,,NA,NA
145,0,1,2,4,,,1,6.9,12,1,3,1,1,2,1,1,,,,,,,,,,,,,,,,,,,,,,,,,,,,,,NA,NA
146,0,1,2,4,,,0,8.6,12,1,3,1,1,2,1,1,,,,,,,,,,,,,,,,,,,,,,,,,,,,,,NA,NA
147,0,1,2,4,7,95,0,9,,,3,NA,NA,NA,NA,NA,5.461538462,5.461538462,5.538461538,5.307692308,5.769230769,2.615384615,3.916666667,4.833333333,3.916666667,4.384615385,4.846153846,4.230769231,5,5.090909091,4.666666667,4.4,4.571428571,4.677668998,4.379487179,5.025641026,4.747086247,,,,,,,,,1,1
150,0,1,2,5,,,0,9.3,12,0,3,1,0,1,1,0,,,,,,,,,,,,,,,,,,,,,,,,,,,,,,NA,NA
151,0,1,2,5,,,1,9,13,1,3,1,1,1,1,1,,,,,,,,,,,,,,,,,,,,,,,,,,,,,,NA,NA
152,0,1,2,5,8,97,0,8.6,12,1,3,1,1,1,1,1,,,,,,,,,,,,,,,,,,,,,,,,,,,,,,NA,NA
153,0,1,2,5,7,88,0,8.7,12,1,3,1,1,2,1,1,,,,,,,,,,,,,,,,,,,,,,,,,,,,,,NA,NA
154,0,1,2,5,7,91,1,6.8,11,1,3,1,1,2,0,0,,,,,,,,,,,,,,,,,,,,,,,,,,,,,,NA,NA
156,0,1,2,5,7,84,1,9.8,,,3,NA,NA,NA,NA,NA,5,5.25,4.166666667,4.083333333,5.166666667,2.166666667,3.454545455,2.090909091,3.090909091,3.181818182,6.166666667,6.083333333,5.583333333,4.181818182,5.375,6.25,5.666666667,5.49469697,3.596969697,4.305555556,5.305871212,,,,,,,,,2,2
157,0,1,2,5,,,1,8.1,12,0,3,1,0,1,1,0,,,,,,,,,,,,,,,,,,,,,,,,,,,,,,NA,NA
158,0,1,2,5,,,1,9,12,0,3,1,0,1,1,0,,,,,,,,,,,,,,,,,,,,,,,,,,,,,,NA,NA
160,0,1,2,5,7,90,1,9.4,11,1,3,1,1,2,0,0,5.076923077,5.153846154,3.538461538,4.615384615,5.076923077,3.461538462,6,4.416666667,4.333333333,3.923076923,4.230769231,4.615384615,4.692307692,4.666666667,3.111111111,3.6,3.285714286,4.137094017,4.580769231,4.487179487,4.271367521,,,,,,,,,1,1
161,0,1,2,5,,,1,8,9,1,3,0,0,1,0,0,,,,,,,,,,,,,,,,,,,,,,,,,,,,,,NA,NA
162,0,1,2,5,,,0,8.4,13,1,3,1,1,2,1,1,,,,,,,,,,,,,,,,,,,,,,,,,,,,,,NA,NA
163,0,1,2,5,,,0,9.2,12,1,3,1,1,1,1,1,,,,,,,,,,,,,,,,,,,,,,,,,,,,,,NA,NA
164,0,1,2,5,,,0,8.9,12,1,3,1,1,2,1,1,,,,,,,,,,,,,,,,,,,,,,,,,,,,,,NA,NA
165,0,1,2,5,7,94,1,9.2,12,1,3,1,1,1,1,1,6.384615385,6,6.846153846,5,5.615384615,1,4,2.166666667,3.25,2.076923077,7,7,7,6.833333333,6.666666667,6.2,6.5,6.74,3.698717949,5.141025641,6.875,,,,,,,,,2,2
166,0,1,2,5,,,1,7.8,11,1,3,1,1,2,0,0,,,,,,,,,,,,,,,,,,,,,,,,,,,,,,NA,NA
167,0,1,2,5,,,1,9.4,14,1,3,1,1,1,0,0,,,,,,,,,,,,,,,,,,,,,,,,,,,,,,NA,NA
168,0,1,2,5,,,0,9.5,13,0,3,1,0,2,1,0,,,,,,,,,,,,,,,,,,,,,,,,,,,,,,NA,NA
169,0,1,2,5,,,0,9.2,12,1,3,1,1,1,1,1,,,,,,,,,,,,,,,,,,,,,,,,,,,,,,NA,NA
170,0,1,2,5,,,0,8.8,12,0,3,1,0,2,1,0,,,,,,,,,,,,,,,,,,,,,,,,,,,,,,NA,NA
171,0,1,2,5,,,1,8.2,14,1,3,1,1,3,0,0,,,,,,,,,,,,,,,,,,,,,,,,,,,,,,NA,NA
172,0,1,2,5,,,0,8.5,12,1,3,1,1,2,1,1,,,,,,,,,,,,,,,,,,,,,,,,,,,,,,NA,NA
173,0,1,2,5,7,90,1,8.6,10,1,3,0,0,2,0,0,,,,,,,,,,,,,,,,,,,,,,,,,,,,,,NA,NA
175,0,1,2,5,,,1,6.7,12,0,3,1,0,2,1,0,,,,,,,,,,,,,,,,,,,,,,,,,,,,,,NA,NA
176,0,1,2,5,,,0,7.2,12,1,3,1,1,3,1,1,,,,,,,,,,,,,,,,,,,,,,,,,,,,,,NA,NA
179,0,1,2,5,,,0,9,12,0,3,1,0,1,1,0,,,,,,,,,,,,,,,,,,,,,,,,,,,,,,NA,NA
180,0,1,2,5,,,0,8.4,12,1,3,1,1,2,1,1,,,,,,,,,,,,,,,,,,,,,,,,,,,,,,NA,NA
181,0,1,2,5,7,94,0,8.9,13,1,3,1,1,1,1,1,,,,,,,,,,,,,,,,,,,,,,,,,,,,,,NA,NA
182,0,1,2,5,,,0,9.3,12,0,3,1,0,1,1,0,,,,,,,,,,,,,,,,,,,,,,,,,,,,,,NA,NA
183,0,1,2,5,,,0,6.9,12,1,3,1,1,2,1,1,,,,,,,,,,,,,,,,,,,,,,,,,,,,,,NA,NA
187,0,1,2,6,7,92,0,9.2,12,1,3,1,1,2,1,1,4.846153846,4.307692308,4,4,5.25,4.307692308,4,4.916666667,4,4.846153846,4.583333333,4.538461538,4.75,4.666666667,3.333333333,2.6,3.071428571,3.977692308,4.469230769,4.451923077,4.322115385,,,,,,,,,1,1
188,0,1,2,6,,,1,7.7,18,1,3,0,0,2,0,0,,,,,,,,,,,,,,,,,,,,,,,,,,,,,,NA,NA
189,0,1,2,6,,,1,9.6,12,0,3,1,0,1,1,0,,,,,,,,,,,,,,,,,,,,,,,,,,,,,,NA,NA
190,0,1,2,6,8,96,1,9.2,12,1,3,1,1,1,1,1,4.692307692,5,6,5.166666667,5.692307692,3.833333333,3.916666667,3.545454545,3.833333333,4.666666667,4.769230769,4.75,4.916666667,5.090909091,5.25,4.75,5.083333333,4.951515152,4.146270396,5.064102564,5.001893939,,,,,,,,,2,2
191,0,1,2,6,,,0,9.4,15,0,3,0,0,1,0,0,,,,,,,,,,,,,,,,,,,,,,,,,,,,,,NA,NA
192,0,1,2,6,7,91,0,8.5,12,0,3,1,0,2,1,0,4.181818182,4.153846154,4.75,4.090909091,4.461538462,3.4,4,3.909090909,4.375,4,4.416666667,4.181818182,4.461538462,9.416666667,4.222222222,3.2,3.857142857,5.096449106,4.140151515,4.173018648,5.570561383,,,,,,,,,2,2
193,0,1,2,6,7,87,0,9.1,,,3,NA,NA,NA,NA,NA,3.615384615,4.769230769,3,3.615384615,6.615384615,5.615384615,6.916666667,4.75,6.083333333,5.307692308,4,4.538461538,4.769230769,5.25,4.888888889,4.2,4.642857143,4.729316239,5.411538462,4.538461538,4.861645299,,,,,,,,,3,3
194,0,1,2,6,,,0,8.9,12,1,3,1,1,2,1,1,,,,,,,,,,,,,,,,,,,,,,,,,,,,,,NA,NA
196,0,1,2,6,,,0,8.9,14,0,3,1,0,1,0,0,,,,,,,,,,,,,,,,,,,,,,,,,,,,,,NA,NA
198,0,1,2,6,,,1,6.4,13,1,3,1,1,2,1,1,,,,,,,,,,,,,,,,,,,,,,,,,,,,,,NA,NA
200,0,1,2,6,,,1,8.4,12,1,3,1,1,3,1,1,,,,,,,,,,,,,,,,,,,,,,,,,,,,,,NA,NA
201,0,1,2,6,,,1,8.5,12,0,3,1,0,2,1,0,,,,,,,,,,,,,,,,,,,,,,,,,,,,,,NA,NA
209,0,1,2,6,,,1,9.3,12,1,3,1,1,1,1,1,,,,,,,,,,,,,,,,,,,,,,,,,,,,,,NA,NA
210,0,1,2,6,,,1,7.8,12,1,3,1,1,1,1,1,,,,,,,,,,,,,,,,,,,,,,,,,,,,,,NA,NA
212,0,1,2,6,,,0,8.9,12,1,3,1,1,1,1,1,,,,,,,,,,,,,,,,,,,,,,,,,,,,,,NA,NA
213,0,1,2,6,7,88,0,7.5,24,1,3,0,0,2,0,0,,,,,,,,,,,,,,,,,,,,,,,,,,,,,,NA,NA
215,0,1,2,6,,,1,8.6,12,1,3,1,1,2,1,1,,,,,,,,,,,,,,,,,,,,,,,,,,,,,,NA,NA
218,0,2,1,7,,,1,9.6,12,0,3,1,0,1,1,0,,,,,,,,,,,,,,,,,,,,,,,,,,,,,,NA,NA
219,0,2,1,7,7,85,1,9,12,1,3,1,1,2,1,1,,,,,,,,,,,,,,,,,,,,,,,,,,,,,,NA,NA
220,0,2,1,7,,,0,9.6,12,1,3,1,1,2,1,1,,,,,,,,,,,,,,,,,,,,,,,,,,,,,,NA,NA
222,0,2,1,7,6,72,1,9.3,12,1,3,1,1,1,1,1,,,,,,,,,,,,,,,,,,,,,,,,,,,,,,NA,NA
224,0,2,1,7,,,0,9.3,12,0,3,1,0,2,1,0,,,,,,,,,,,,,,,,,,,,,,,,,,,,,,NA,NA
225,0,2,1,7,,,1,9,12,1,3,1,1,3,1,1,,,,,,,,,,,,,,,,,,,,,,,,,,,,,,NA,NA
228,0,2,1,7,,,0,8.6,12,1,3,1,1,2,1,1,,,,,,,,,,,,,,,,,,,,,,,,,,,,,,NA,NA
233,0,2,1,7,,,1,9.6,13,1,3,1,1,1,1,1,,,,,,,,,,,,,,,,,,,,,,,,,,,,,,NA,NA
234,0,2,1,7,,,1,9,12,1,3,1,1,1,1,1,,,,,,,,,,,,,,,,,,,,,,,,,,,,,,NA,NA
237,0,2,1,7,,,1,9.3,12,1,3,1,1,3,1,1,,,,,,,,,,,,,,,,,,,,,,,,,,,,,,NA,NA
240,0,2,1,7,6,81,1,9,12,1,3,1,1,2,1,1,,,,,,,,,,,,,,,,,,,,,,,,,,,,,,NA,NA
241,0,2,1,7,,,0,8.3,14,1,3,1,1,1,0,0,,,,,,,,,,,,,,,,,,,,,,,,,,,,,,NA,NA
249,0,2,2,8,,0,0,7.5,20,0,3,0,0,1,0,0,,,,,,,,,,,,,,,,,,,,,,,,,,,,,,NA,NA
250,0,2,2,8,,0,1,8.6,11,1,3,1,1,1,0,0,,,,,,,,,,,,,,,,,,,,,,,,,,,,,,NA,NA
251,0,2,2,8,,0,0,9.9,12,1,3,1,1,1,1,1,,,,,,,,,,,,,,,,,,,,,,,,,,,,,,NA,NA
254,0,2,2,8,,0,1,9.1,13,1,3,1,1,3,1,1,,,,,,,,,,,,,,,,,,,,,,,,,,,,,,NA,NA
255,0,2,2,8,,0,0,9.8,12,0,3,1,0,1,1,0,,,,,,,,,,,,,,,,,,,,,,,,,,,,,,NA,NA
256,0,2,2,8,,0,0,8,12,0,3,1,0,1,1,0,,,,,,,,,,,,,,,,,,,,,,,,,,,,,,NA,NA
257,0,2,2,8,,0,1,9,11,0,3,1,0,2,0,0,,,,,,,,,,,,,,,,,,,,,,,,,,,,,,NA,NA
260,0,2,2,8,,0,0,9.4,13,0,3,1,0,2,1,0,,,,,,,,,,,,,,,,,,,,,,,,,,,,,,NA,NA
261,0,2,2,8,,0,0,9.3,13,0,3,1,0,1,1,0,,,,,,,,,,,,,,,,,,,,,,,,,,,,,,NA,NA
263,0,2,2,8,,0,1,8.2,14,1,3,1,1,1,0,0,,,,,,,,,,,,,,,,,,,,,,,,,,,,,,NA,NA
269,0,2,2,8,,0,0,9.2,12,1,3,1,1,1,1,1,,,,,,,,,,,,,,,,,,,,,,,,,,,,,,NA,NA
270,0,2,2,8,,0,1,8.9,11,1,3,1,1,1,0,0,,,,,,,,,,,,,,,,,,,,,,,,,,,,,,NA,NA
271,0,2,2,8,,0,1,9.5,12,0,3,1,0,1,1,0,,,,,,,,,,,,,,,,,,,,,,,,,,,,,,NA,NA
283,1,3,0,9,,0,0,,8,0,3,0,0,2,0,0,3.461538462,5,3.75,3.153846154,4.230769231,5.461538462,3.3,3.25,3.25,3.230769231,5.076923077,5,5.615384615,3.916666667,5.444444444,5,5.285714286,4.995299145,3.621538462,4.176282051,4.994123932,,,,,0,,,,2,2
344,0,5,2,15,7,95,1,10,,,3,NA,NA,NA,NA,NA,4.538461538,5,5.461538462,3.923076923,6.384615385,5.307692308,3.666666667,4.5,4.333333333,4.076923077,4.333333333,6,5,5.083333333,5.5,2.2,4.230769231,4.756666667,4.182051282,5.102564103,5.395833333,,,,,,,,,2,2
